0.012831774234423776,1
0.05166514863206767,1
0.08220407380084899,1
0.09490665507230833,1
0.03524771537878851,1
0.11456279137212999,1
0.08637144068187896,1
0.05049753669554413,1
0.09439688484742731,1
0.10974966517669721,1
0.04824471704536942,1
0.11970177404256727,1
0.09535107737540549,1
0.11286621094236238,1
-0.03541375279999304,0
0.06259267735715374,1
0.11454112602480127,1
0.11246592488678564,1
0.09528274611285587,1
0.088525772911139,1
0.058051032293158666,1
0.10534856501169804,1
0.12370411696343109,1
0.10126770198007262,1
0.12017700562769529,1
0.05966092701762116,1
0.11425937442407019,1
0.11221184187656419,1
0.05239766785003158,1
0.11683754769162596,1
0.08775196846868988,1
0.04123422758510309,1
0.06634548998222894,1
0.0844226445602832,1
0.09817423390406493,1
0.0007421445449518616,1
0.11757899889867779,1
0.08879596638887444,1
0.007730697383747487,1
-0.03121499615171519,0
0.10736784742543298,1
-0.017670674711228296,0
0.050951774747243106,1
0.041842489141163675,1
-0.0625304802463319,0
0.0920459812736833,1
0.058905712460806614,1
0.11736459767015511,1
0.11599567820296314,1
0.11071817112062038,1
0.11164420939618547,1
0.11091523464137115,1
0.08924170402773607,1
0.10440872259725748,1
0.12370411696343109,1
0.05960675775094865,1
-0.005490244068484307,0
0.09007658674638297,1
0.11660861430669794,1
0.1096998878771488,1
0.10126028285843491,1
0.08100432983916162,1
0.07703875633903168,1
0.058305700184509035,1
0.07398602025141565,1
0.10280283759151038,1
0.10420225330637217,1
0.10339587335357864,1
0.06747831589735359,1
0.04812811355162733,1
0.05335964066806442,1
0.09845822265835313,1
0.10272738060920611,1
0.10354327872303093,1
0.05135664819452318,1
0.11715204964865489,1
0.08397005493533949,1
0.036550091945328766,1
0.08199809673426839,1
0.1134502367716228,1
0.050753807752147884,1
0.1141449318459909,1
0.12305829524480472,1
-0.036051726261870476,0
0.10336979617225334,1
0.08281562305341172,1
0.07440080807555038,1
0.0017653795019623164,1
0.10902902939360998,1
0.06749123905574678,1
0.08582602231418468,1
0.07249411739802625,1
0.07100991771407655,1
0.09280160747149685,1
0.10707512718285739,1
0.09030194339244713,1
0.02762476136691111,1
0.05391769046964939,1
0.09277324518976421,1
0.060282739308750444,1
0.11066190385948749,1
0.0045369518623678,1
0.09109260964539229,1
0.0768299875222549,1
0.10456545162536773,1
0.10264709086665058,1
0.08631153660654156,1
0.12014817708208836,1
0.06915591382013475,1
0.07449326266466277,1
0.022274240649249488,1
-0.04081912611854144,0
0.07902117080903226,1
0.024697417835017665,1
0.12227323366854698,1
0.0787734883732718,1
0.11885209053713586,1
0.07173848217238527,1
0.11446518747125445,1
-0.04550221803794641,0
0.04664849704289148,1
0.09515528934440198,1
0.06921917744910233,1
0.10558378189231304,1
0.0451132434388698,1
0.0719669548775681,1
0.07052262542495918,1
0.07649133059935431,1
-0.007843758460278627,0
0.08874081038352238,1
0.10578601188315168,1
0.03110920725551919,1
0.10757965143409415,1
0.002970881376907708,1
0.08477687516568072,1
0.03509837788059256,1
0.029920624525831996,1
0.09569972907235569,1
0.10648118387176447,1
0.0957670947179568,1
0.05320258740231382,1
0.06279798238913764,1
0.03596991450472081,1
0.06733782437251667,1
0.0384788386845048,1
0.10760429795285414,1
0.102252176635025,1
0.10821822678411186,1
0.06458169887447818,1
0.08836865634438207,1
0.10591103861709505,1
0.06888077891482364,1
0.11850272143990886,1
0.09979014801408115,1
-0.003842742507525032,0
0.07904950638514535,1
0.11512521508905083,1
0.03709068996125442,1
0.007524538109335843,1
0.03871950786929368,1
0.03378375314365861,1
0.09274015770615301,1
0.11837878174742489,1
0.12248305264714399,1
0.042841707318378885,1
0.10277366606352767,1
0.09021471516911689,1
0.1098400440238872,1
0.1205385512672722,1
0.046202518586636876,1
0.11392384492760127,1
-0.03661367850212105,0
0.10742877827589442,1
0.05562838158427463,1
0.027827477149947544,1
0.12006902947277082,1
0.11555325504479741,1
0.05901479273112398,1
0.08621524858344737,1
0.09439476865461882,1
0.10489700545958563,1
0.08431309779885349,1
0.055694484372980135,1
0.045168921630722225,1
0.06673530305605024,1
0.08992314629613302,1
0.06378793627249207,1
0.12111499153058286,1
-0.022601511950301467,0
0.09621176248487573,1
0.07334592427870235,1
0.1111860083496164,1
0.058981153864933356,1
0.11866890846714206,1
0.11058030695145787,1
0.10571753101981424,1
0.05915374529261769,1
-0.005926241434853985,0
0.11812889188146125,1
-0.01930074606282839,0
0.1126616843840113,1
0.07887197316374817,1
0.08641822998033827,1
0.08635433138793891,1
0.11852360603662043,1
0.0811963163390676,1
0.06146500417165929,1
0.042741037681190364,1
0.08800827886288298,1
0.12232004761742782,1
0.09728662222268164,1
0.10885167295159998,1
0.03389883807074462,1
0.10120729588701205,1
0.06291744917083358,1
-0.033445135586956054,0
0.09101402826324351,1
0.10605488221006082,1
0.0851669784557127,1
0.09425479415845334,1
0.07958621478390282,1
0.08473302929878701,1
0.11922168313781362,1
0.09929062882046952,1
0.05108303498537825,1
0.12145805787256075,1
0.10042758163790627,1
0.07934071520751701,1
0.08814349046781239,1
0.09006162515911847,1
0.10076104909862099,1
0.11705088143922743,1
0.08638001355540359,1
0.09189251189249459,1
0.07405461571231137,1
0.08237065904923224,1
-0.009380037574812983,0
0.12233623686195899,1
0.02954210826979481,1
0.09310249853251129,1
0.08878376740572641,1
0.07783694293630339,1
0.06671125529072092,1
0.08547435531912095,1
0.11079458186103008,1
0.06122041062759426,1
0.08872225520178584,1
0.10986729604171003,1
0.07338960290949398,1
0.02846955747845009,1
-0.021761654485567106,0
0.0640189327887809,1
0.05714248658299981,1
0.09455663568528444,1
0.07504005232494004,1
0.007345905324171398,1
-0.018007443800924117,0
0.017396881589950286,1
0.0738940799267887,1
0.11705053288593964,1
0.04115555469630677,1
0.06980601319458457,1
0.0664434898103694,1
0.08907019733330018,1
0.11309440528690962,1
0.1037644270753802,1
0.08351249564134228,1
0.10317966179823357,1
0.03309531376156438,1
0.03925206805846698,1
0.11235168095090736,1
0.11686785303266334,1
0.1067685820835273,1
0.09193749022473713,1
0.08713625775470718,1
0.061967097202177523,1
0.07740272004301735,1
-0.03910378116360336,0
0.05727886605632054,1
0.08633732493358603,1
0.11565037561498731,1
0.06479367899893962,1
-0.0301067772135718,0
0.11128016484570064,1
-0.02254145266853791,0
0.059508622401234,1
0.07024995702919656,1
0.11868434598471111,1
0.08467854209742026,1
0.06955139610671196,1
0.09928066241238614,1
0.046790134347975965,1
0.0824703212528724,1
0.09231008137388591,1
0.04900334928318645,1
0.08160652100265847,1
0.11806928591699145,1
0.11161242365376356,1
0.0871281144412635,1
0.10636127234899262,1
0.11952728215963349,1
0.11171178876950155,1
0.04520928838625238,1
0.12147059141520183,1
0.09774030486281143,1
3.509703857823565e-05,1
0.11501840951205161,1
0.07391072960631206,1
-0.006018872883076343,0
0.054136869606923155,1
0.1202549247222674,1
0.050764692253157384,1
-0.017915318015620962,0
0.12177381498361173,1
0.10761399217405893,1
0.08854300455959402,1
0.11639435654948466,1
0.12107230858105356,1
0.11162673593445643,1
0.10372663069039073,1
-6.205461904107423e-05,1
0.11284519814181287,1
0.06527679013050736,1
-0.01358333821901625,0
0.09724142783280126,1
0.04929498299880358,1
0.10940379005057288,1
0.09964203524659315,1
0.030402331285135087,1
0.0910036179784085,1
0.1006585510188841,1
0.1115520820376717,1
0.1082712674374473,1
0.10553450376879858,1
0.10816239333815586,1
-0.02794176411318794,0
-0.05517996536309233,0
0.07323719458041417,1
0.08459996185260615,1
0.10972423872630949,1
0.06538396260018803,1
0.07402119415199582,1
0.09099760383749972,1
0.08475998506010518,1
0.08984421950461896,1
0.09989330827698994,1
0.10986855711928989,1
0.08921111697507478,1
0.10450815720254253,1
0.08350365277418659,1
0.12082925638422376,1
0.04025209075111036,1
0.08730411126582982,1
0.08471903335677167,1
0.034728628530324435,1
0.08490742712487309,1
-0.04081912611854144,0
0.11253721542574874,1
-0.0232531041856171,0
0.07202373146254887,1
0.10328019847066572,1
0.11774941081337076,1
0.06086973213342739,1
0.06694019395699713,1
0.05325365876313448,1
0.09753036853010211,1
0.07630968215379169,1
0.032007886625196935,1
0.09397814712549529,1
0.12087544951037987,1
0.0888016480821947,1
0.019075668883508645,1
0.04848371319246697,1
0.1193121003408501,1
0.09538173110727954,1
0.1076063190651596,1
0.10467021493932832,1
0.0921571263968386,1
-0.004365402626836157,0
0.08445144853343312,1
0.06759691595608652,1
0.0393578837002439,1
0.0019957831282273464,1
0.08089536091753136,1
0.10553944126358483,1
0.11357420517951256,1
0.08853772954322608,1
0.08564565559309895,1
0.048474985147963945,1
0.034282777801893705,1
0.06175356115466524,1
0.07219717003217319,1
0.11482947787263731,1
0.09946949115114612,1
0.11665878745171637,1
0.05314047142300199,1
0.07639844048271655,1
0.12059271284812584,1
0.11808229576712959,1
0.05386408952802141,1
0.09239673418870664,1
0.07901111239112746,1
0.08632285139198564,1
0.05714574023704666,1
0.04679822093321667,1
-0.012659093156556667,0
0.09307883302147435,1
0.10935308060107474,1
0.0883049336635317,1
0.10426056346321444,1
0.09795343912228555,1
0.12157137921605782,1
0.08840320879812835,1
0.07408154944325979,1
-0.005568359914985721,0
0.08517853760587402,1
0.08318487981313355,1
0.09321862448655915,1
0.07278014944266037,1
0.07949968801083557,1
0.0759254171748735,1
0.08197986301498417,1
0.05282427443920523,1
0.11536838345049732,1
0.08968619611534578,1
0.08009781823294898,1
0.08562211302754424,1
0.0524908046873141,1
-0.06499867897351197,0
0.08505208929041413,1
-0.025900068826307465,0
0.042445983981328705,1
0.11509739958481485,1
0.09734634886885585,1
0.09136776313599781,1
0.11441242168988403,1
0.09568157942173522,1
0.009921993766912995,1
0.03539036607428908,1
0.06860568527955241,1
-0.02046358920720892,0
0.06601136346004854,1
0.07508653911830676,1
0.06304133696888059,1
-0.0003844459054206384,1
0.08945960539328085,1
0.04835871612868187,1
0.05783388424037339,1
0.03156978788130782,1
0.10670481366252343,1
0.08231923182632073,1
0.10099749617538689,1
0.08847099237924866,1
0.08654954299397488,1
0.09802727741080691,1
0.08725981279538186,1
0.08397604505272821,1
0.0822041818805091,1
0.08470740957692519,1
0.05684523154479609,1
0.09957023987573793,1
0.08392369998163385,1
0.042264751660980204,1
-0.018832834958176004,0
0.10073542987209866,1
0.11029702887151877,1
0.11723354071799197,1
0.06422433638858127,1
0.10305533059404698,1
0.07895055803430662,1
0.11624541663434251,1
0.05124276846290876,1
0.1040001784628864,1
0.11042453080774767,1
0.11037424621900432,1
0.023824055068717376,1
0.10360412893371362,1
0.09536423396503452,1
0.09851034530514724,1
0.012805429413199898,1
0.11346456808573158,1
0.12393630307553877,1
0.010199014273447049,1
-0.0015516461402388382,1
0.08450456070649909,1
0.032014447341742025,1
0.030216951587674845,1
0.05636367535360176,1
0.0837620445627888,1
0.10556248883498576,1
0.07728983884108998,1
0.08469763955733411,1
0.08633376151360739,1
0.006502147695739868,1
0.07868835703516425,1
0.0821867001759447,1
0.1127626030017983,1
0.008183855113677474,1
0.0689214237951642,1
0.11358652826051258,1
0.09098935880046327,1
0.053841577690213804,1
0.1135064838214529,1
-0.0414827994901813,0
0.08937032017703961,1
0.03908539285498097,1
0.10700358538360266,1
0.1000136435363016,1
0.0676143821333195,1
0.05834113308285083,1
0.06337888938162439,1
0.11154713460690219,1
0.11013531072918986,1
0.08523747374687968,1
0.018886428970438074,1
0.0708048709288997,1
0.1128544227718492,1
0.12276700020803322,1
0.07930259830652081,1
0.09336893609820246,1
0.08782333719778024,1
0.09481000282505464,1
0.0391099423906055,1
0.07163486883088721,1
0.08095809985819546,1
0.0659646641709184,1
0.10542999430470301,1
0.08161560195792816,1
0.09802125691872637,1
0.11940131376447827,1
0.045428797600589765,1
0.03436557920110783,1
0.08887904696229748,1
0.09743581558876097,1
-0.05477764696955156,0
0.08825537777838605,1
0.07739630587982543,1
0.03796488005179177,1
0.07158903158437091,1
0.017291490346111937,1
0.11542732769950653,1
0.07127771892925089,1
0.08303458726413554,1
0.09323552940899488,1
0.10840226653094859,1
0.09592914281195652,1
0.1005600419931243,1
0.1034011648776188,1
0.11414949663625379,1
0.07255887909506847,1
0.060676059657892245,1
0.08803143595765406,1
0.058703130135159265,1
0.11375452004118808,1
0.1017817859583155,1
0.08470017269509916,1
0.08377267542192574,1
0.10406810251862936,1
-0.00937610733546157,0
0.12418935063210151,1
0.09883926572086282,1
0.11653152288181584,1
0.07695960376344213,1
0.1121115488864391,1
0.08891081164568981,1
0.11648040071941862,1
0.057107313290563566,1
0.11543710582077082,1
-0.04975049544365895,0
0.06015134202051431,1
0.07669343278568608,1
0.11940954446123198,1
0.07044478580986019,1
0.09888558905739642,1
0.0879170291434051,1
0.12216120705123518,1
0.116948100666727,1
-0.025115012362235012,0
0.10642159801774931,1
0.05035932501224377,1
0.1184216833459098,1
0.1138348497150915,1
0.11745425690644457,1
0.11019024834248176,1
0.06979761832949077,1
0.06798607162079151,1
0.0801388888446447,1
0.08061815107950326,1
0.10169101049600926,1
0.009153240505168414,1
0.11926053673767895,1
0.10798665755494335,1
0.05122800684217971,1
0.11378563929457508,1
0.07555165967697158,1
-0.03998870678409494,0
-0.013209343050017308,0
0.11224228763830618,1
-0.024766083553070972,0
0.0855397040723122,1
-0.01114718007811466,0
0.05437348121446345,1
0.04133422206649534,1
-0.041508310170969454,0
0.05436785020423324,1
0.047193111040378655,1
0.035502344786669915,1
0.10062287825660715,1
0.12137302242265974,1
0.07758810764350588,1
0.10277172929383283,1
0.10261706917425784,1
-0.0057663604254178935,0
0.07149660126164192,1
0.09241890796230051,1
0.07818540656441814,1
0.12218839538057896,1
0.03317782771042538,1
0.10344269670921652,1
0.020730872904033748,1
0.12389587473495456,1
0.06343145703840197,1
0.10637496365989108,1
0.10692797074124494,1
-0.02373876707124911,0
0.10214793932978133,1
0.07164944218137964,1
0.08926342142687443,1
0.08361801603630115,1
0.09188741390552346,1
0.10562839147468667,1
0.09170782483061668,1
0.09690711321389589,1
0.11888787535735829,1
0.09393924183698321,1
0.05550517249562842,1
0.09673678186126616,1
-0.003974891478900289,0
0.0030967514479082747,1
0.11586568465712899,1
0.10999251508235686,1
0.01536772547953913,1
0.08081388032017944,1
0.07993052145449647,1
0.02339468464868555,1
0.11869515352809945,1
0.10230280186269869,1
0.051330768272689065,1
0.07202323432168273,1
0.07790984969658454,1
0.08435874370755647,1
0.10539744769229892,1
0.08107586648160159,1
0.11305048382466043,1
0.09847558858794586,1
0.0674575694802611,1
-0.0012601319178037196,1
0.09456526226529849,1
0.11905597866965711,1
0.0682317930348375,1
0.11735082580178668,1
0.09576150517747617,1
0.06015942109726058,1
0.09621160015034375,1
0.09694592918002348,1
0.07142359263775971,1
0.1099932303083419,1
-0.009947170805171712,0
0.06632111398508161,1
0.11627864422550938,1
0.10715304569210493,1
0.11347807251108982,1
0.11881595213382579,1
0.10552611238344883,1
0.10194204227352671,1
0.11967007744482933,1
0.11618518416543949,1
0.05291024161254304,1
0.09208876817011064,1
0.11082913090146623,1
0.09984350057825914,1
0.11596501988895674,1
0.11649460216651397,1
0.0532471397653122,1
0.10734199677081002,1
0.04102343076882081,1
0.07751687735471968,1
0.016429300037477057,1
0.08563674956925205,1
0.05827713416190844,1
0.07960290862382868,1
0.10659129112214494,1
0.045841138722185815,1
0.1207329364773585,1
0.07705038921231572,1
0.0375212056477634,1
0.06536274682495141,1
0.09120853879119634,1
0.027933544768348806,1
0.045766529623851526,1
0.10461904328440758,1
0.10859116837245975,1
0.06678685587567756,1
0.09837024580896331,1
0.0781681350073995,1
0.10133653728923092,1
0.05266074958403061,1
0.053682858932982636,1
0.09454353148232675,1
0.11278282145135604,1
0.11135477434928842,1
0.055498331502709386,1
0.05864055851887595,1
0.07607664295537048,1
0.04112016599878504,1
0.1076362294380509,1
-0.04081912611854144,0
0.08641548889470158,1
0.09556211642379742,1
0.006155291933999885,1
0.08719270710815319,1
0.046791632981475206,1
0.054287055641178195,1
-0.014127175343555565,0
0.06503790436862994,1
0.09602981448494508,1
0.04739434520515867,1
0.07805614148732848,1
0.098261476324709,1
0.07031512856319455,1
0.009217312906242503,1
0.11987636200288099,1
0.08727862644750245,1
0.10260978493892903,1
0.09464762731664605,1
0.09403424784823111,1
0.07395543178623737,1
0.09464735899826399,1
0.01232957331823098,1
0.1077613962992871,1
0.10607288734692372,1
0.0971053327635838,1
0.11039660825389452,1
0.06952076472738761,1
0.09582696590651069,1
0.11696505089438708,1
0.1052526853199609,1
0.10733436744395747,1
0.10274816710041779,1
0.1132892648770793,1
0.09549284057958396,1
0.057128857211331485,1
0.0010381173262968835,1
0.08339171916499444,1
-0.013782222622738649,0
0.04600986147630165,1
0.07148758907717073,1
0.11428113414692231,1
0.08321895345135699,1
0.11549654912489532,1
-0.04190901271381808,0
0.10882842378660468,1
0.08559582480475963,1
0.11438720727481433,1
-0.031070889035031635,0
0.03647216259241726,1
0.027773984610938662,1
0.08547328430797113,1
0.1011905909824018,1
-0.028934898448924384,0
0.020301332816284934,1
0.05777643528547155,1
0.01542928462147719,1
0.06960172465622144,1
0.04866843934545578,1
0.03923570436576246,1
0.11957034324292987,1
0.04822854231620077,1
0.002269989859392141,1
0.09034390213971583,1
0.10421185307531555,1
-0.027422581343249597,0
0.016378955433887288,1
0.04331857390630389,1
0.09990586597564455,1
0.11210481064019373,1
0.08784037725618982,1
0.09528720880453884,1
0.07950111794375586,1
0.05737535392494275,1
0.09591777504689425,1
0.10937822526362395,1
0.06049410867699978,1
0.033751162534098655,1
0.0992171321299376,1
0.09178276103938571,1
0.0813329695154894,1
0.10111886672524767,1
0.10121776961699935,1
0.07912687540030083,1
0.09753396131395148,1
0.06642362469359203,1
0.09681640401989278,1
0.1165269751770554,1
0.08372083165232536,1
0.05105090069265522,1
0.029156535845653697,1
0.04157781421108331,1
0.03707519480024346,1
0.06184631177713229,1
-0.022127971350341613,0
0.04667792937672882,1
0.08877949261405693,1
0.06618099386106713,1
0.0377906995471482,1
0.1096039703883111,1
0.10672175854309757,1
0.08472241747009401,1
-0.013850072985867823,0
0.09108920290784861,1
0.1011631886698221,1
0.05895678387715986,1
0.10870029311594132,1
0.11456110634933803,1
0.05493353072171503,1
0.06709872365840652,1
0.031205681585617373,1
0.11736180103753524,1
0.11016431027924833,1
0.0933827937846099,1
0.007150629994812974,1
0.054942047623161516,1
0.11510610701207269,1
0.019486184695852005,1
0.10345308300447814,1
-0.029037413562691183,0
0.07368048556207318,1
-0.02896281502892839,0
0.11522794551759058,1
0.11629671605012365,1
0.09245454688671201,1
0.11455699661227547,1
0.09407461879892148,1
0.022246061286143537,1
0.11433441021190421,1
0.11634544656054774,1
0.11914891300829528,1
0.08895881001418549,1
0.10000082358424994,1
0.08666471813961546,1
0.08393296062128869,1
0.05593908171141104,1
0.10009738727035467,1
0.11691573084607948,1
0.0785578340437576,1
0.10226589805959468,1
-0.010367552957178283,0
0.09567935706920011,1
0.0017185669901659262,1
0.10084961147887184,1
0.06286305959641802,1
0.11428160552532829,1
0.05709579676438503,1
0.09438550294841364,1
0.11843957632681068,1
0.06641344396444848,1
0.06912353020603096,1
0.10365536966530559,1
0.05245681078309944,1
-0.02011890086677337,0
0.01886679031390337,1
0.03576471668191511,1
0.10498711644135761,1
0.08447363416285925,1
0.11593637825672337,1
0.11751845184540993,1
0.08940205909135518,1
0.11227042997361963,1
-0.024632321191213058,0
0.10788225231430643,1
0.03625867764714308,1
0.026777881440034568,1
0.06951744983497204,1
0.01884894958799732,1
0.09707059288508518,1
-0.052835820624610674,0
0.0016915043915357586,1
0.11671420912788205,1
0.0782868066872846,1
0.121317311380297,1
0.08662529187788526,1
0.06842253033440132,1
0.05822551414043098,1
0.11274899882478018,1
0.03551805857962842,1
-0.0026438810770950116,1
0.10573868997119246,1
0.0932400154175772,1
0.03024112812029378,1
0.12116125132947303,1
0.08861890723702465,1
0.039157137983596824,1
0.08409029773153509,1
0.10403765880536492,1
0.08161556621545385,1
0.11282324070126998,1
0.05075284673939856,1
0.11111684959846302,1
-0.02434185481399631,0
0.10030780217015733,1
0.057172298065111316,1
0.09075317298061064,1
0.07883275831283854,1
0.029721945643409686,1
-0.014556699049061983,0
0.01296861845748154,1
0.03819887535031563,1
0.04991660733786346,1
0.02631998849169437,1
0.09189816436447473,1
0.10622617642011756,1
0.10722852032723368,1
0.0672134974701516,1
0.04702151657411291,1
0.10261442577083635,1
0.11816900900191518,1
0.04596268957668459,1
0.09797780323036454,1
0.02908043075071609,1
0.11174962405733585,1
0.08416191034233583,1
0.05867433911138509,1
0.1024706409841234,1
0.053099774102547015,1
0.1080357103812778,1
0.11509793701861215,1
0.11051429850706734,1
-0.035075813368520725,0
0.10681829338692223,1
0.11209581135603885,1
0.10985704585515171,1
0.08924027008458224,1
0.11373955269156338,1
0.08793314368863125,1
0.1179533303921434,1
0.11170092790770914,1
0.03212590289204548,1
0.06932919328173737,1
0.0018807042571972743,1
0.0402979895202486,1
0.11242388272944903,1
0.07521363766058631,1
0.104507718859704,1
0.09283099564931319,1
0.043939816802079035,1
0.10607491834685151,1
0.06651534205893173,1
0.09045142380163057,1
0.06808762700635163,1
0.10121281048033848,1
0.10905368597245513,1
0.0855803432004168,1
0.1163907317756227,1
0.07114379087184192,1
0.005169240234063122,1
0.039213889633865906,1
0.07248661156840164,1
0.08415182631493506,1
-0.025488745640950827,0
0.11868405039191277,1
0.08737935689031928,1
-0.023949964285701286,0
0.09847515447871102,1
0.09904107501858694,1
0.10375229124050478,1
0.09345657154902837,1
0.09079698069244291,1
0.09460310898946028,1
0.11435895639112631,1
0.11291370184912924,1
0.09072871163126783,1
0.09097440580318539,1
0.06933267576022134,1
0.08383696736690188,1
0.08482786407022597,1
0.05859447832999953,1
0.06398665158998085,1
0.0980468474779943,1
0.09732116005335295,1
0.11282324070126998,1
0.11442908602373525,1
0.12232004761742782,1
-0.024158439802471787,0
0.04057404473532178,1
0.056294193014369,1
0.1230829457192687,1
0.12124026519136488,1
0.09930889670722465,1
-0.02172381566552617,0
0.11243495417368343,1
0.11552296172529575,1
0.11482413380994122,1
0.08846551175446726,1
-0.01060497455163556,0
0.12093158775532031,1
0.11305682772741316,1
0.10672116998897524,1
0.03889165277347717,1
0.07974014364277787,1
0.0974515254657089,1
0.10997469765288298,1
0.11484070551544634,1
0.05604619269450828,1
0.00620759770041468,1
0.07514451234617375,1
0.04818050688930836,1
0.11650111267112706,1
0.05167359351089523,1
0.0852106984036935,1
0.11790218859966017,1
0.007778259069941451,1
0.0957657369298287,1
0.050985344220037365,1
0.04282020440976425,1
0.08731336879430462,1
0.0753208470538913,1
0.1172991127469844,1
0.03504242788310907,1
0.07133739536731776,1
0.0746591915085339,1
0.039187579239999715,1
0.01879457175077487,1
0.09541539620749223,1
0.036093841666783366,1
0.011534802689010637,1
-0.006164037191419447,0
0.10688781158366795,1
0.08022348054265782,1
0.03464809043418687,1
0.05458805237299125,1
0.06799547452437538,1
0.00923402261326628,1
0.051717526182279705,1
0.08916649583502712,1
0.09644103891921985,1
0.04419762399221688,1
0.05816512063657636,1
0.09694620846512553,1
0.06352295146132664,1
0.0059778414898316035,1
0.0823100736503607,1
0.09666217256131432,1
0.11432872498129348,1
0.049947119142269014,1
0.1000589902817276,1
0.08751497745021897,1
0.001674402225339211,1
0.09265361453843662,1
0.10255747927337844,1
0.09019771046895747,1
0.07705334512899398,1
0.05581682198906118,1
0.026656470526807974,1
-0.04500894143103007,0
0.09939161187123535,1
0.05281639642517166,1
0.10014232880971113,1
0.1204603342207145,1
0.07881511287826476,1
0.06050695275483059,1
0.0013073229831510602,1
0.08950862995685294,1
0.05931790502158879,1
0.09111738349158988,1
0.08804368710919097,1
0.06216090065596269,1
0.09819135120064959,1
0.1020848686580027,1
0.07806775332136184,1
0.08463220815397471,1
0.1154975329186434,1
0.052644787868452336,1
0.11478178155176466,1
0.10939885444926961,1
0.04672596671999096,1
0.10496118797556625,1
0.11269400578414607,1
0.09975287940825556,1
0.041098077346910844,1
0.06217999002878455,1
0.052209553882603066,1
0.07893685833220154,1
0.042628389939578126,1
0.0018387628309211035,1
0.10597627483139216,1
0.027623091038394054,1
0.10497337702566484,1
-0.020682633240006854,0
0.08451865410866877,1
0.10818293375073634,1
0.05184751284318173,1
0.07932210131987627,1
0.09602073090369995,1
0.12008764616849932,1
0.09559011888946278,1
0.09988298327160655,1
0.11935268622580247,1
0.09798662113691481,1
0.11428200633388896,1
0.08293932953456618,1
0.027797244407297528,1
0.11940013450531278,1
0.04131054459189987,1
0.11175959278702158,1
0.11885845785128035,1
0.042360839406949624,1
0.1017891066822344,1
-0.03186792791905635,0
0.09384554947373641,1
0.03648640318087781,1
0.1184147449870181,1
0.06709952033958072,1
0.09471326430637622,1
0.009342867472193261,1
0.05827041967757146,1
0.07084208725451457,1
0.11605327255591658,1
0.11412477130869791,1
0.05513104153715631,1
0.10747557184391798,1
0.02314101841238736,1
0.08156092289877281,1
0.053111580050532736,1
0.08939527586471696,1
0.11564043875964308,1
0.11245997298724192,1
0.10233604713661765,1
0.11323433265102067,1
0.10828675226206852,1
0.11610143371776849,1
0.11837085904502959,1
0.11141861486932636,1
0.05615535387853443,1
0.09757107084754729,1
0.0758620298687922,1
0.042362153458514906,1
0.041618718932862675,1
0.09649391988644879,1
0.04954657094339354,1
0.11534266621994871,1
0.05206304222880992,1
0.003365715003104286,1
0.01972638777764013,1
-0.0017993798394216887,1
0.11536434137633894,1
0.06042666414766246,1
0.11504281471558331,1
0.03347696622402352,1
0.03126235676468381,1
0.047175881125197605,1
-0.02332637305237717,0
0.12222210141788464,1
0.11995080780528444,1
0.04348326343033321,1
0.07809448335367036,1
0.11063264135005269,1
0.08789751023444953,1
0.12109712807885348,1
0.10636410486602405,1
0.06135368272397784,1
0.09558062607381784,1
0.018334761127818733,1
0.08386448548388237,1
0.09693584506529895,1
-0.025539556689963883,0
0.10854104431523348,1
0.050054663591522164,1
0.11824095141104729,1
-0.08038304674245278,0
0.11721048828959851,1
0.03184535412398143,1
0.09029305267165494,1
0.111701831273678,1
0.11231609397679704,1
0.12218256565906482,1
0.0730998942620128,1
0.09995660104348991,1
0.09054344026284156,1
0.11463416523290781,1
0.05299452501444657,1
0.00836215423749087,1
0.08302008436583341,1
0.10730743922467167,1
0.09320766468578062,1
0.05177344089757957,1
0.058666469299016366,1
0.1168887056233876,1
0.11422490537018637,1
0.08533505129343955,1
0.08193484471217527,1
0.08423225343798818,1
0.04644012102237194,1
0.10122791756980737,1
0.11360787118119942,1
0.10929332460909297,1
0.07722099336914928,1
0.11593830736351046,1
0.05405607388398287,1
0.0912769940687897,1
0.05740933256562675,1
0.1050971924720312,1
0.08333360888190205,1
0.1105360311137717,1
0.11310174098500919,1
0.06115563570897653,1
0.10634630525444483,1
-0.018533209404665518,0
0.11078573936726699,1
0.09305808280646038,1
0.11031380380901323,1
0.08731807317869394,1
0.08136685524641807,1
0.12230088812533135,1
0.11384045679642096,1
0.09770146349815717,1
0.02307632283380484,1
-0.0032141797476041845,1
0.08588029106462958,1
0.10554951705826648,1
0.026342514500168723,1
0.0823774388551552,1
0.0869299476305253,1
0.11530980228210996,1
0.055887048257424854,1
0.0973754777016323,1
0.009896837240780054,1
0.10059222389686262,1
0.019934712683112366,1
0.08528983694648296,1
0.07587563091620575,1
0.011141141696432655,1
0.11707941818938034,1
0.08817634611782077,1
0.10949156803585758,1
0.10718361440046731,1
0.11718957672710606,1
0.0460573934387436,1
0.10454428330104426,1
0.02149025319302278,1
0.045892103922764105,1
0.08036067380399498,1
0.08992520500414453,1
0.08227363287462358,1
0.11668444918951626,1
0.11443111766052744,1
0.07756133483055122,1
0.03127795950878892,1
0.10816039517893578,1
0.10749105444830087,1
0.07110513295062693,1
0.008288541850029474,1
0.050852842730756465,1
0.08535242397744447,1
0.06992525984798315,1
0.12218256565906482,1
0.1212223005130092,1
0.06143924062331113,1
0.040980163484762244,1
0.06537651999730493,1
0.08615974443581126,1
0.09513874131623251,1
0.06973585594730347,1
0.0268696219875052,1
0.058414980819114504,1
0.011912310299607098,1
0.07050158128825923,1
0.09767665130611858,1
0.10769782665881494,1
0.011420522170287883,1
0.12379873960636245,1
-0.0013433094936939893,1
0.12244905495784536,1
0.09940258863291995,1
0.11893478770995958,1
0.11283866307848611,1
0.03916511637275927,1
0.08966281886733796,1
0.05634471739130342,1
0.09764917366635989,1
0.005349291828354641,1
0.12036402591190137,1
0.08914542528964053,1
-0.0005930367077133791,1
0.10068884496265657,1
0.07844680981917629,1
0.09647061730811624,1
0.1156154329522388,1
0.08828089233617747,1
0.11550148285320566,1
0.0825542643020416,1
-0.014393679821194327,0
0.1078383384155619,1
0.10174736433056397,1
0.10579190099275476,1
0.09870188812689817,1
0.10782914113309094,1
0.08285433596176356,1
0.08115483873544599,1
0.1033659866913873,1
0.07542235672434677,1
0.051063963129574286,1
0.11661716823868262,1
0.11930501024558704,1
0.10602183483218525,1
0.06690661562477174,1
0.008733003382450588,1
0.09373909645898804,1
0.11119980512472627,1
0.010792499364019936,1
0.12160558020839018,1
-0.029833306409491778,0
-4.3989711629999206e-05,1
0.05336987859630005,1
0.11946134037786588,1
0.07628514745628878,1
-0.010472178825175593,0
-0.0007533877382341903,1
0.12065879270272784,1
0.03648795082917716,1
0.0801538686100906,1
0.11221154988467724,1
0.10519051839029508,1
0.07732628393973517,1
0.10258264212571983,1
0.10121808576698743,1
0.06004682114536769,1
0.10669120105835878,1
-0.015945067132924762,0
0.04079900615226267,1
0.0691381805316188,1
0.0362226448694285,1
0.0939605356814584,1
0.10413264702253716,1
0.09636078122365133,1
0.11061155886167762,1
0.07759251206390538,1
0.0976102488813339,1
0.10348241598695868,1
0.0661550463311068,1
0.04488312522660859,1
0.11012634471973592,1
0.11544458366891475,1
0.06079675383491573,1
0.08066754994074204,1
0.050241551042288723,1
0.03466780842466077,1
0.1209073573041422,1
-0.017913479437113966,0
0.08390317199626135,1
0.09469824569098179,1
0.09581662161648324,1
0.06652786058255727,1
0.09106160121062923,1
-0.019451751592068134,0
0.08413587198941191,1
0.04862139892891576,1
0.06522827807380321,1
0.11756131931541364,1
0.07596675181229984,1
0.12191177760718891,1
-0.0006360706699100049,1
0.11952406301301588,1
0.03305313940973725,1
0.08071947508897354,1
-0.025048678870579266,0
-0.057182082062242956,0
0.08631772850201003,1
0.0847943882225618,1
0.06886897666439867,1
0.10332868929619454,1
0.1021670928670742,1
0.08342071166976367,1
0.05827148762227491,1
0.046160178740226154,1
0.10166535558613832,1
0.07070058678770746,1
0.06875388054158654,1
0.12239997665984181,1
0.09194817190801485,1
0.07502206464400057,1
0.08094848365799029,1
0.09744007165347901,1
0.08420268483061877,1
0.05625521096349373,1
0.04977929134349546,1
0.05435237651161057,1
-0.00020912523720384435,1
0.10549608604146926,1
-0.0419283415857421,0
0.1219173878261764,1
0.08030016812827023,1
0.09552018941099771,1
0.03832023239786997,1
0.08139300459400434,1
-0.026173326860377766,0
0.07211690102290741,1
0.0883737953851817,1
0.0932455038601901,1
0.1044167457138967,1
0.09698339808053508,1
0.11624055075615952,1
0.08570903520642509,1
0.03665521506747105,1
0.09935945685011843,1
0.0935863795843549,1
0.06804170665120479,1
0.11162244882990524,1
0.11797531129125843,1
0.016021912470002453,1
-0.026912942990438338,0
0.06898116648138158,1
0.03395118749389542,1
0.12247107471203683,1
0.08683617771354651,1
0.10767874260582982,1
0.05868208560596749,1
0.04898849652265874,1
0.08101084112385143,1
0.08910377869534974,1
-0.007203389787321823,0
0.09896008720420352,1
0.10559409525745483,1
0.07413054780444422,1
0.05324521464659887,1
0.10268847948640208,1
0.11295337775203568,1
0.115762313534852,1
0.06752666828930037,1
0.07772593131948907,1
0.05043160799788271,1
0.022841779444790822,1
0.07547635723803542,1
0.11554000179255874,1
0.061755787508136095,1
0.08035325865418913,1
0.05184996138926018,1
0.08096631571867025,1
0.10555398184054776,1
0.1040035848254518,1
0.11691144938847303,1
0.07146900754126373,1
0.12357045110274179,1
0.10665223945132463,1
0.09489949925977076,1
0.12218256565906482,1
0.11478277964434719,1
0.026548634451256936,1
0.035852320749304833,1
0.09162061943072392,1
0.07631186414939456,1
0.045852464983894115,1
0.0038760249620554132,1
0.0002496249540838713,1
-0.001708277060750829,1
0.012320975146937196,1
0.09176379626974307,1
0.07481253220106177,1
0.056159069396338634,1
0.02881343549168569,1
0.0806081436867715,1
0.03965127992069928,1
0.09025077378959573,1
0.08853359778716663,1
0.07106516480450992,1
0.11069618568476175,1
0.06546927977771899,1
0.053231101329253794,1
0.11932123005674883,1
0.10695361634596867,1
0.0965452366326866,1
0.03403681139777531,1
0.06442012910556416,1
0.04575996458584286,1
0.10219173246563429,1
0.11608946005774212,1
-0.0005845916958664432,1
0.044951457134994655,1
0.10826061671839937,1
0.05571305243723279,1
0.12280288939101192,1
0.10857655890071849,1
0.10550159756597005,1
0.07452428767805036,1
0.05969281578459468,1
0.09361520207092994,1
0.06061830723524397,1
0.05372199006858108,1
0.1008732181971167,1
0.08300521722748305,1
0.11610162092884513,1
0.06715783903409311,1
-0.014050217999596604,0
0.0726101195672923,1
0.11768813189948218,1
0.058879246264478546,1
0.1038076936026196,1
0.11497543114121683,1
-0.011975673944115584,0
0.008994252369093847,1
0.015892962947824385,1
0.04295096218848565,1
0.11151197059904594,1
0.07569460367488351,1
0.09801682073000112,1
0.047911230265681004,1
0.09213617489142267,1
0.07190250035579637,1
0.09492604919076442,1
0.11034297388753672,1
0.10275751050033971,1
-0.011968300754877426,0
0.05106623464601301,1
0.0681133435162789,1
-0.014863744069214646,0
0.08690302105312342,1
0.08786217382543471,1
0.09087062435514637,1
0.08264280595333345,1
0.10666510866967799,1
0.09221561871173323,1
-0.020255971359668945,0
0.09582617580611169,1
0.08586037812522607,1
0.0457451347175693,1
0.0819453988569202,1
0.0350997127863103,1
0.1066289045570708,1
0.09069813062925425,1
0.04307106082152934,1
0.006120324458207704,1
0.0788008743978253,1
0.053000963895653064,1
0.08113052493200823,1
0.032111821869218016,1
0.11594981692717338,1
0.009829520083298182,1
0.09829062226822893,1
0.06530164194507182,1
0.06419643246719126,1
0.044174393650186994,1
0.06427138730445525,1
0.010064992918225268,1
0.052204670378231344,1
0.09491068095290678,1
0.05399011836225809,1
0.11570256245438759,1
0.05053029832195732,1
0.05372019791835553,1
0.015314774941998177,1
0.04644176157401447,1
0.043141279796655885,1
0.06859744751145835,1
0.09648920757429791,1
0.10312349180745611,1
0.08032015729542291,1
-0.0474919833038393,0
0.08290540836550891,1
0.12255621767635588,1
0.05107355559576893,1
0.10280061171278787,1
0.08858242395712412,1
0.0013522215888603917,1
0.11595542634941391,1
0.07542535169743836,1
0.10613739984702741,1
0.10368557380712107,1
0.08141762802777741,1
0.04542122138056509,1
0.12194570493970036,1
0.1123362315149184,1
0.11114330442924564,1
-0.007216186680596204,0
0.047735806226730404,1
0.041842134839841894,1
0.11309747882105897,1
-0.007792084377894026,0
0.08872956386599673,1
0.10314907059274292,1
0.06386476472660346,1
0.0969041774515999,1
0.07134252181939282,1
0.10061897285374605,1
0.1165152084021081,1
0.1163278666730096,1
0.11667468754294441,1
0.06967261910870248,1
0.052983653919342455,1
0.08740692764639219,1
0.04757182274384103,1
0.010071108537137718,1
-0.05578045501225881,0
-0.06328323361390054,0
-0.04081912611854144,0
-0.042735495318049765,0
0.0801703419025504,1
0.1060410503432252,1
0.0651099492047244,1
0.10211635087000115,1
0.11362140311961921,1
0.08594799539382775,1
0.06463611892647486,1
0.10232979888487043,1
0.07783671603629172,1
0.09337606818425487,1
0.0502826482794671,1
0.09627406982314807,1
0.06961186012947768,1
0.12308474320802443,1
0.06112177575467259,1
0.07127652668519724,1
0.0587463446837686,1
-0.043067445037666796,0
0.08679194434974308,1
0.06468397078953536,1
0.11036125152866111,1
0.07989905411566528,1
0.11047894084301829,1
0.10645811011474304,1
0.09876825591044724,1
0.08491590174725505,1
-0.030535567022458854,0
0.06954748566024066,1
0.028941465719300785,1
0.06355066314160934,1
0.10494434656868257,1
0.010522866766320416,1
0.10303762870892902,1
0.08390465517766948,1
0.11054756643874691,1
0.05718891649998603,1
0.034310523038648066,1
0.1219106540297597,1
0.07952915711625913,1
0.10083047332809009,1
0.036761331358488136,1
0.06567484308512045,1
0.04625416633969032,1
0.10923353296615929,1
0.11730693717530655,1
0.002991737623588453,1
0.11461273223117768,1
0.11490392426934026,1
0.08205188146258557,1
0.1067783560062065,1
0.10643018466808735,1
0.09097022462419424,1
0.036660279821722874,1
0.12218256565906482,1
0.08989747605065018,1
0.10236162299330964,1
0.06790818244431296,1
0.12133412590953468,1
0.12351477273915484,1
0.06676870085810632,1
0.03214452907883997,1
-0.03678009052741127,0
0.047123029411864636,1
0.024826182861765245,1
0.11043031737176734,1
0.07990520065798368,1
-0.04081912611854144,0
0.0574974692131458,1
0.1228890705686031,1
0.04317294327823795,1
0.0986181271483777,1
0.023109368696037857,1
0.09511894531592002,1
0.0342226402612722,1
-0.0012134334930069546,1
0.04799984702294258,1
0.10299277244786204,1
0.11203010638241284,1
0.08227197426158889,1
0.09595810243485409,1
0.07602024424394799,1
0.11620918004277742,1
0.10665449128609972,1
0.09246144648543325,1
0.07663686058815122,1
0.09156278616156738,1
0.11230506688480091,1
0.053266268616732504,1
0.06341955230039781,1
0.07381455846189022,1
0.11411375146292724,1
0.06510379478595946,1
0.08957052332972665,1
0.10177255830491688,1
0.1049891284747334,1
0.0562998046193946,1
0.08135231257799386,1
0.02217309949293128,1
0.09244112846688435,1
-0.003958985541990145,0
0.09815348265583984,1
0.0934257119358472,1
0.06700880308735957,1
0.11031893416090288,1
0.07627348455306604,1
0.11723199655035482,1
0.05185595830796158,1
0.03748370548618213,1
0.10741197428516996,1
0.0853484162099934,1
0.09021085502234022,1
0.08647804290356892,1
0.06472502037613187,1
0.06677158222016527,1
-0.02725554370657035,0
0.09119896963916763,1
0.10801315437773346,1
0.07654936643353666,1
0.09400358482058652,1
0.10861190189968406,1
0.08766187949293269,1
0.07417774282936573,1
0.10189418418742058,1
0.07007863390904018,1
0.11848833501452655,1
-0.030706273759755986,0
0.026884213144913127,1
0.04434401142182903,1
0.041940376506602484,1
0.0014006031687428533,1
0.09605403925755895,1
-0.0006241289814588047,1
0.055546168381554795,1
0.0808888058661083,1
0.09613763225988692,1
0.11430861585807828,1
0.03703529006712081,1
0.07473210190934071,1
0.11649781557764838,1
0.10244955341615603,1
0.11835363892438411,1
0.11059773252362326,1
0.10534047456784268,1
0.033752221851818254,1
-0.05370179882289816,0
0.09085302691802677,1
0.10561952069989333,1
0.09220547426529563,1
0.059420065662724786,1
0.09110067837878372,1
-0.02985430258093813,0
0.046379999157697194,1
0.08405149529958184,1
0.04586034533815864,1
-0.036349651079217504,0
0.11389263570575042,1
0.04886941137668033,1
0.09595566964054686,1
0.03687586942254345,1
0.06585618704150475,1
0.03770324477035125,1
0.04554628090529217,1
0.07611170303110593,1
-0.0015653457498500112,1
0.10892847020010027,1
0.05552578598926705,1
0.1111921426147931,1
0.11197117843894566,1
0.007254756999112044,1
0.1219257606523958,1
0.1130789420122637,1
0.10270371884311613,1
-0.005534506343972234,0
0.08756024124055128,1
0.11203505430527377,1
0.05109488214752389,1
0.04991153209738686,1
0.05353947038904455,1
0.1056717026858171,1
0.11011871628684239,1
0.09193613511380982,1
0.090952034538406,1
0.11295351590403618,1
0.10175606667659903,1
0.08349490693566686,1
0.09951608180669597,1
0.01386291980952531,1
0.12100171150045136,1
0.10464840706022904,1
0.11746998788146756,1
0.07616079808133641,1
0.04746837138051785,1
0.027774751028591838,1
0.05954853338688931,1
0.0032817165251330938,1
0.09057650964545011,1
0.07798418189110679,1
0.10271307944849517,1
0.11089846820397709,1
0.06830950479284881,1
0.08136015385801848,1
0.01752493876985234,1
0.12276700020803322,1
0.08892727428254843,1
0.01348210655691906,1
0.06276946012131779,1
0.11725176694344186,1
0.0872668541040984,1
0.09344221657930535,1
0.09068841641348147,1
0.1181640836508907,1
0.05151602826077856,1
0.10753746512306456,1
0.1198552276934936,1
0.10017511039669036,1
0.10306668662098462,1
0.06246486220071268,1
0.10237427755244455,1
0.0066981231103539485,1
0.08655907043816624,1
0.01804780268616718,1
0.024876417026202025,1
0.08338463137969987,1
0.06427138730445525,1
0.07995623539359681,1
0.1052651430328187,1
0.1137761235468775,1
0.0025320088557658216,1
0.07896651759244622,1
-0.005113225127358789,0
0.11766626915373324,1
0.08546822503382046,1
0.09670310490700051,1
0.06992525984798315,1
0.0958495950646765,1
0.08226242539220502,1
0.11668315455923794,1
0.08081305814567485,1
0.09461137835083988,1
0.03336134139580865,1
0.11678656921316194,1
0.10208491486467502,1
0.05449870285958908,1
0.07656163203063909,1
0.05136073680545805,1
0.09274394364404814,1
-0.0009471295749541309,1
0.0348455806622055,1
0.11744112981652549,1
0.09457962117460483,1
0.04003926952920511,1
0.09201110709602228,1
0.060709001021052256,1
0.12276076694375904,1
0.09569496208474115,1
0.10864981214598018,1
0.114418018405608,1
0.09018376455320704,1
0.06863697823519993,1
0.09769585934416813,1
-0.0049770241668728454,0
0.10931941541259688,1
0.07633846482371948,1
0.05445557477560786,1
0.11166355236998715,1
0.1108537858435295,1
-0.04010769169139283,0
0.04129602941917465,1
0.054719005588820535,1
0.12066896065133775,1
0.08872139358737313,1
0.09253237782036078,1
0.07057011563088122,1
0.08687742683961847,1
0.08038598725446716,1
-0.005405025090259752,0
0.0804951983751877,1
0.07404318125184378,1
0.12395537960816072,1
0.09451099473533331,1
0.09238939590687834,1
0.008170164034164373,1
0.10103284576541555,1
-0.002034380626632748,1
0.08289561737553836,1
0.1108246624787117,1
0.0983188755339861,1
0.09778152086907849,1
0.04050407086035501,1
0.0718768052043644,1
0.01272228483420118,1
0.06082016231815124,1
0.07099476321016535,1
0.045996665475694753,1
0.0816173946239645,1
0.10886681104490087,1
0.027965238911612178,1
0.06964430982902037,1
0.04282016518071985,1
0.043627405041447076,1
0.07894368578692901,1
0.10248325912946249,1
0.1169910741494869,1
0.10744251023676404,1
0.10790434064524629,1
0.046667329488849496,1
0.08104135988526873,1
0.021279873500986923,1
0.09660482648666036,1
0.09630272731304984,1
0.09628602387381058,1
0.06550893686072379,1
0.10668637153456767,1
0.08174418590087845,1
0.0857419724514773,1
0.07193228835263754,1
0.059262993406132614,1
0.07690961320284234,1
0.11514680780417708,1
0.0933238494478269,1
-0.0006261740410475891,1
0.04883681175978433,1
0.042941367206539516,1
0.045615296159109864,1
0.10754909187374301,1
0.10813257978537566,1
0.07762157229213229,1
0.06333029969246284,1
-0.012496948072989733,0
0.088969594389676,1
0.07634571126215939,1
0.050335787321812375,1
0.0718286065384704,1
0.034151054583226814,1
0.09973365983837201,1
0.11257412570544356,1
0.07787639524231182,1
-0.09748615808727934,0
0.08891956643688664,1
0.024934481287302912,1
0.10448062370085198,1
0.11537040291524658,1
0.07932248567804256,1
0.10552721720613434,1
0.11442010677605857,1
0.09265471839905276,1
0.08056899163120856,1
0.0660784686721641,1
0.1168949340585203,1
0.0742479506077875,1
0.10384271530106626,1
0.03639862650557946,1
0.06378668799931592,1
0.0965054864060309,1
0.10051944547838793,1
0.07754074657383725,1
0.10809388465921899,1
0.020576062508600335,1
0.00691268483407026,1
0.07798383761909206,1
0.08875189865243577,1
-0.0007989706091267035,1
0.059608406411106984,1
0.03965532637781022,1
0.0932901972824477,1
0.04997686437359816,1
0.11164947595663322,1
0.09776365958702526,1
0.05677144024231778,1
0.08104004925662167,1
0.0476189962049271,1
-0.01394105850397187,0
0.07964062096525909,1
0.07644897669163092,1
0.09946979178481052,1
0.09706011176590634,1
0.06614283709924801,1
0.11522523495009629,1
0.0849845139590078,1
0.11945909065039667,1
0.08345196271090854,1
0.11348323991573916,1
0.061850150197508835,1
0.1151992448999527,1
0.11039812506298752,1
0.05554069542629503,1
0.10031993545119045,1
0.046921365767317036,1
0.06492506901320944,1
0.049719383268873485,1
0.10681936849351165,1
0.08628886610569947,1
0.10506252433394214,1
0.10485449584969464,1
0.09787767838080585,1
0.07497515739469335,1
0.0844921083508578,1
0.04413098652173553,1
0.11566299145525988,1
0.1222288956910541,1
0.0979144688860707,1
0.032525951457830826,1
0.028232366958314048,1
0.09882964458307664,1
0.07489653277892866,1
0.10855146388080428,1
0.04899130207036395,1
0.04847686181245081,1
0.11645058581329354,1
0.08617143474438216,1
-0.023990927258616845,0
0.06262268579831082,1
0.06908150038137761,1
0.08999247445771758,1
0.11271030849727343,1
-0.013619988725032783,0
0.05488692078599139,1
0.08679305569483492,1
0.10879266391412185,1
0.09341551240877272,1
0.0735646024020209,1
0.10286009260441903,1
0.03475945531492952,1
0.07913405740795298,1
0.07105377416899089,1
0.05138351712509259,1
0.10347873372055622,1
0.08284235064621576,1
0.11236200156161458,1
0.06532699225191807,1
0.11067946035224047,1
0.07956108302075943,1
0.006151387963293176,1
0.10179463736870775,1
0.10299198676482346,1
0.09061502049959647,1
0.07746779922421138,1
0.0614459357299455,1
0.07845852115649388,1
0.0761671750491314,1
0.02972361011828839,1
0.09111981289303339,1
0.1027251762027197,1
0.10158704573115263,1
0.1156351837228265,1
0.08939454600428598,1
-0.0030172371354155736,1
0.0984082965080727,1
0.10297029899609195,1
0.10860634737256897,1
0.11558128298920672,1
0.1179938607707362,1
0.059270348765234016,1
0.11148131983555565,1
0.12287466738102393,1
0.01718565771323277,1
0.1138338570272176,1
0.11383833341979277,1
0.09578996576369836,1
0.056099484996267934,1
-0.015407255238801376,0
0.08842014895552708,1
0.09766004839419806,1
0.10259794648033077,1
0.07582428263940139,1
0.10903814208017593,1
0.07984373201797723,1
0.11009547224128807,1
0.11200086628683048,1
0.09796648589073292,1
0.1184147463393121,1
0.0851391229231605,1
-0.03469177376729271,0
0.10330045319108849,1
0.04727985441977528,1
0.007776300247074264,1
0.045014952459071556,1
0.1013413274993285,1
0.055412778629227055,1
-0.007084565090365813,0
0.10887583907972126,1
0.1010826598076699,1
0.0873296619493012,1
0.09084030409847516,1
0.002453965510424705,1
0.09025594083675903,1
0.10940265580713565,1
0.024259283052654623,1
0.004393990492056465,1
0.11409197128897947,1
0.06802773602130596,1
0.11124864706760884,1
0.07918207716625009,1
0.11579958523547518,1
0.09139951721068146,1
0.1115084596573836,1
0.052401353228188174,1
0.0396377589654936,1
0.05194403602325226,1
0.12272385475346481,1
0.09011368476602044,1
0.04677091629838376,1
0.04701022679410227,1
0.0822192072995016,1
-0.04111368029167062,0
0.08559781439225617,1
0.011304560387280338,1
0.11455739613923893,1
0.08413448137939183,1
0.0973937640545065,1
0.04881674200836761,1
0.02223689802218448,1
0.03477186277084443,1
0.1069652131300804,1
0.11636312941397081,1
0.05963124453578461,1
0.04265127944955838,1
0.04382441608020199,1
0.12191334486337485,1
0.12068490773101054,1
0.0756540341638327,1
0.03964740731037647,1
0.11728237130182095,1
0.0179561253971966,1
0.10015678466135164,1
0.05590487321335913,1
0.10604499605178058,1
0.04935125992733319,1
0.006327613077337257,1
-0.037340158738920715,0
0.10996564618588456,1
0.08435231424262113,1
0.08641148454777386,1
0.08415671484929771,1
0.10150370724834545,1
0.019419287439925992,1
0.03541333794970125,1
0.10464490312390967,1
0.035419395380525576,1
0.06793433682456351,1
0.09768970988066594,1
0.0987669505346091,1
0.08361694064762643,1
0.11343304603211357,1
0.10612932041001527,1
0.04815274217533433,1
-0.0010791330514677844,1
0.0720081905277386,1
0.09794085507135925,1
0.04009798714498031,1
0.03277121629569957,1
0.03522124067524862,1
0.10751958481636648,1
0.09048556483374681,1
0.12146330214781376,1
0.08122927020695869,1
0.08011567115416063,1
0.12000564980601464,1
0.11883941525012587,1
0.09569361719576014,1
0.01282646664845033,1
0.09932624874362828,1
0.10083494803041543,1
0.10471236302093323,1
0.09264092270879964,1
0.08418240374643188,1
-0.016269493185721462,0
0.11706178117223354,1
0.08274310441121113,1
0.12099069530308304,1
0.019630097115186373,1
0.047655892535288125,1
0.11346088523877457,1
0.10151616536819186,1
0.05407599253912526,1
0.05188810889883677,1
0.03309707845260301,1
0.1143451737979963,1
0.09916762541400143,1
0.08438721433597896,1
0.040127556404463804,1
0.014004998969108284,1
0.02168549081838611,1
0.09155673150788324,1
0.05577938374064645,1
0.09069297667790954,1
0.11082751269603591,1
0.06107657249138987,1
0.07652844618139693,1
0.00221274570721558,1
0.09406682507940961,1
0.10506864288713824,1
0.07399987477776121,1
0.1157669605801166,1
-0.02090434647557793,0
0.10520666259806843,1
0.10047946248706108,1
0.07748246795219133,1
0.07498667351862087,1
0.1047195534244077,1
-0.009733965860462712,0
0.08621376387910029,1
0.08933855269572216,1
0.09946666900763235,1
0.07279742018146657,1
0.08484236767349418,1
0.10640425061473907,1
0.08259709058931175,1
0.10444751387056544,1
0.10176256740376372,1
-0.013533981800347816,0
0.09267338327248048,1
0.11446068076084731,1
0.051614072122452004,1
0.06902747977804885,1
0.0894773052037166,1
0.12058997686854772,1
0.060630954418980254,1
-0.008348927887141477,0
0.025479901227153823,1
0.0380746843887938,1
0.06067631938019036,1
0.09300810075415045,1
0.10948435333745826,1
0.09717643706536533,1
0.09482252108333245,1
0.12347017813386063,1
0.09199065772818354,1
0.12319217461095544,1
0.0960188349531545,1
-0.006008649144137901,0
0.09287322620409572,1
0.04948660261669502,1
0.08268664405241716,1
-0.01879162186571881,0
-0.023330291590038854,0
0.08749090601181159,1
0.11174797332968056,1
0.004905579056046272,1
0.051705030184675316,1
0.08222530081183771,1
0.09142733247220586,1
0.08016778681714659,1
0.07590531580259385,1
0.09709063291856318,1
0.07823191013010206,1
0.10052771262783361,1
0.10621382095453968,1
0.0135059532520177,1
0.06137149890340071,1
0.10823252180876114,1
0.0802959497051271,1
0.0711703741457062,1
0.05890058782250024,1
0.09457342845651329,1
0.0676340289347121,1
0.05417120860409852,1
0.06904019062926042,1
0.0667418726245046,1
0.06617445854958481,1
-0.0247682523756233,0
0.0688679910954138,1
0.1006226662739424,1
-0.019898487892499594,0
0.09353880686501198,1
0.07766565394673747,1
0.02739154284959805,1
0.11712604789860398,1
0.0938626141038299,1
0.07183969128646317,1
0.09951723057186901,1
0.09762462777592718,1
0.07163437614792889,1
0.059964470320332364,1
0.10320131639336788,1
0.0922496012749523,1
0.09693137613238606,1
0.10702317089490626,1
0.0668024736877118,1
0.010984959180994347,1
0.10987335499550871,1
0.05750428964623472,1
0.11569355186258551,1
0.0858541337112636,1
0.09116013321847682,1
0.06896407375367308,1
0.07115574824386467,1
0.12178613080426576,1
0.015062734702826985,1
0.0696037073322523,1
0.0793797746410172,1
0.07242026583594968,1
0.07307149659049422,1
0.10796205452511753,1
0.09547137688506557,1
0.11897498191085204,1
0.10438276517841572,1
0.10485537697732988,1
0.1015832461133952,1
0.0008536184101662903,1
0.10429312613369557,1
0.07757517109059897,1
0.11905547405887729,1
0.12004133583620574,1
0.0860300410608027,1
0.058581046062996134,1
0.11449580433146772,1
0.0879780362495941,1
0.029157684056372923,1
0.11440110858268498,1
0.1076912158884209,1
0.062127945650927774,1
0.1004505263548186,1
0.08403296541339283,1
0.10216145783208319,1
0.11118824233666252,1
0.05556890454983704,1
0.10490947146640567,1
0.11443086036364625,1
0.03092414065818877,1
-0.042396642131164786,0
0.06209069326541128,1
0.06762104133838404,1
0.09278675545866788,1
0.016726340103745407,1
0.07829327524307172,1
0.09721651830694455,1
0.054184921466843006,1
-0.015102489178866474,0
0.051891713806536066,1
0.047895739327931286,1
0.11222831800033933,1
0.07879534609191013,1
0.10147747614345803,1
0.0390478716956999,1
0.05078901126167107,1
0.04148364237613361,1
-0.04434409133231776,0
0.10123453841350483,1
-0.041013033961986745,0
0.11390311530283287,1
0.07024512740667255,1
0.10937208973380236,1
0.09503859933943826,1
0.09896562214399246,1
0.03803950438410325,1
0.04149591789214274,1
0.07142108971283873,1
0.10716622268543563,1
0.09489084497420214,1
0.05082033982308004,1
0.061499610879187316,1
-0.0005321716441646362,1
0.03416110305717884,1
0.07273139471152645,1
0.09649287726117844,1
0.10597749580678284,1
0.11286274658388734,1
0.11718632845859528,1
0.0609870835853778,1
0.07900795456926718,1
0.02421339337746481,1
0.06749517137623051,1
-0.040589354226296503,0
-0.012588217405101298,0
0.10659984933498062,1
0.020578734040000768,1
0.11180315357327036,1
0.03802231141389317,1
-0.047989098087317106,0
0.0948213845942934,1
0.0649479086122971,1
0.04617908171163726,1
0.08947156244841159,1
0.09541018079952762,1
0.08978069349776696,1
0.050249527875503075,1
0.08699535235875283,1
0.09708931735718046,1
0.08750538381059081,1
0.12370411696343109,1
0.08783897774340355,1
0.057819022503010464,1
-0.000549434135060145,1
0.08725525373889315,1
0.08286183307477529,1
0.03925778248638795,1
0.09125733686339516,1
-0.001179269746018785,1
0.07274475569090261,1
-0.0014493482408964864,1
0.06876334689866986,1
0.11637267897550785,1
0.05856840866728469,1
0.09693353315483616,1
0.08109838014449611,1
0.0695168219901442,1
0.03442805091826023,1
0.09682292116105129,1
-0.0011760980240876906,1
0.08913475866532922,1
0.10419359094934755,1
0.1164540211122922,1
0.10488124798117993,1
-0.02700403421753017,0
0.06311322153841226,1
0.10127854169735223,1
0.07201460389556963,1
0.0646912754687145,1
0.05606365489335474,1
0.09362736787157605,1
0.0977030518678828,1
0.06894262894769299,1
0.09161110475810114,1
0.08580163224628684,1
0.10853451363000371,1
0.09904379810254038,1
0.08341941620024562,1
0.10148526799464097,1
0.0006399783483623245,1
0.11673235240304225,1
0.04433396988386712,1
0.10021251309026108,1
0.07441717570357015,1
-0.029690707504518077,0
0.0566046220413407,1
0.017668111554210664,1
-0.034129453463008885,0
0.11294807644491484,1
0.12024889471846112,1
0.08658273340722922,1
0.11084331301873862,1
0.11147311631030227,1
0.10239753733030293,1
0.09274332544447794,1
0.10339308841344053,1
0.01963322773636217,1
0.12289994276013294,1
0.1060401938615202,1
0.10136727404615076,1
0.05317586675351177,1
0.08927275117244621,1
0.11350719764883643,1
-0.01296372542207247,0
0.05872469899798888,1
0.08919718546817224,1
0.11507981959476482,1
0.041297559655361527,1
0.09762983682364723,1
0.0941849797552704,1
0.09072480893871543,1
0.07660422457579363,1
0.08473707894070648,1
0.10867399658998,1
0.10962077064548365,1
0.0629201926549508,1
0.023525403575610115,1
0.11695429891831172,1
0.09900951965603572,1
0.0976859232545974,1
0.08819990222400043,1
0.110612341241138,1
0.0991468324917576,1
0.10676145511496898,1
0.06306463789885292,1
0.11493493098349589,1
0.10409659708085722,1
-0.002200784670927436,1
0.03363615308979356,1
-0.01925646424390115,0
0.07523265424412989,1
0.05792176377456726,1
-0.02295323386072834,0
-0.0743613315445959,0
0.10423120502460043,1
0.09238603750649793,1
0.06999895211136425,1
0.020298607693342574,1
0.07514876690249928,1
0.06341630281535093,1
0.08993270436483025,1
0.095453685767659,1
0.11438126270172272,1
0.08422550597351691,1
-0.0024529291785890805,1
0.10514349869230005,1
0.11901062400990459,1
0.04022543520304145,1
0.08733612092005028,1
-0.037023472090442544,0
0.10029532175579986,1
0.03861379834298456,1
0.09958838662913622,1
0.06854424811162158,1
0.08110843916598087,1
0.0980934087209312,1
0.05134012478770977,1
0.08977409753977483,1
0.08367244231983578,1
0.12226532573561455,1
0.10411697370254602,1
0.013541043233219585,1
0.05810452284402218,1
0.09836398515168904,1
0.07508880945479213,1
0.05567581083195611,1
-0.020021177292117498,0
0.08062569888483628,1
0.10275265540625739,1
0.027328760012400144,1
0.1045854006800988,1
0.071340831927933,1
0.1129221720178552,1
0.09187359328138323,1
-0.004522420505872593,0
0.06767259324909597,1
0.11499388176487385,1
-0.03684570926729169,0
0.05077718784874552,1
0.07329314342744592,1
0.07702154222121071,1
0.1134583685478815,1
-0.02436645400703563,0
0.04113991143645901,1
0.0734444688738975,1
0.10691467676705502,1
0.12111416638882799,1
0.10290733896742355,1
0.06072994104100954,1
0.08869838697104299,1
0.095657966448565,1
0.11542020828946725,1
0.048016554478277906,1
0.08471852797822133,1
0.04727358223172007,1
0.05742069927755522,1
0.11202333652918356,1
0.07401467090666747,1
0.027060654371920956,1
0.07373131320824916,1
0.06682221729502585,1
0.08217204812199796,1
0.07050181399320082,1
0.10661682534043848,1
0.06278356285215236,1
0.11902251202298902,1
0.06241158797271418,1
0.0958179126242889,1
0.10538372416256397,1
0.07130908015483467,1
0.05050607704260579,1
0.10057690313498491,1
0.07699003136916877,1
-0.003995671494321118,0
0.08165884803188861,1
0.09465800829947474,1
0.11611069474716812,1
0.05551176653741419,1
0.03691248479137971,1
0.0827627043588553,1
0.09103934934254931,1
0.08686181380103447,1
0.07853190519810738,1
0.037352485454609397,1
0.07953249281224856,1
0.04589781288171302,1
0.11983609649617527,1
0.1158883409462248,1
0.09357264449811298,1
-0.03379995110806078,0
0.1149166764385991,1
0.019332395183420392,1
0.08081556646534127,1
0.10466868585540068,1
-0.0017516144392069055,1
0.11382999607745398,1
0.028198699955287176,1
0.023761356889434093,1
0.04211277238056743,1
0.10086729101605635,1
0.07905404299766178,1
0.09231604275787242,1
0.02681730068363436,1
0.11227620681196665,1
0.027275885563312896,1
0.015606799998393761,1
0.04923070515965966,1
0.0424716554553316,1
0.09011453665626873,1
0.1119262130664232,1
0.10897816369757418,1
0.09997700133221599,1
0.11534239025950194,1
0.11336411248113026,1
0.0912985578796065,1
0.11484137311387838,1
0.04691911199801879,1
0.04601592139308913,1
0.04446295879369999,1
0.09788731199282052,1
0.08334869863060557,1
0.0424348542392618,1
0.040492915906653604,1
0.11370739471923996,1
0.1075069804723543,1
0.1171109225101184,1
0.0639673879274657,1
0.02045440624061068,1
0.10609938899338245,1
0.06564274820088156,1
0.09475169255627647,1
0.09101876290430122,1
0.004288424345432529,1
0.09319500859077917,1
0.10217566648034215,1
0.031098485687180655,1
0.07576457873769915,1
0.03768189706680575,1
0.08734849527586486,1
0.08575949483624346,1
0.11473650257317325,1
0.0031348293987076836,1
0.10446871999226065,1
-0.01003288749110609,0
0.08964741456379882,1
-0.003444216446768289,0
0.11039128485159605,1
0.10389495572267538,1
0.0057673723775965025,1
0.038416397289341264,1
0.10744326880999983,1
0.10806489853980011,1
0.07312331739190031,1
0.0816293772698336,1
0.08189623105182164,1
-0.015232833111829658,0
0.09128977024684443,1
0.10058864396102585,1
0.09737120210303607,1
0.08520551080956046,1
-0.0024611009374718718,1
0.10996407787927981,1
0.09622643586385787,1
0.0546649938464131,1
0.04349454945422715,1
0.08107594674315294,1
0.09948960914964183,1
0.03382226356357754,1
0.09859940000048262,1
0.11223960555750262,1
0.11337823541624137,1
0.053140720448405565,1
0.0357180218389504,1
0.10246534005207075,1
0.08456708805785124,1
0.06711002212116629,1
0.08874294415545925,1
0.09760943796248917,1
0.06277400446992293,1