-22.316775946855685,0
1.6479667287134552,1
-0.1333969256516676,0
-3.2867931408614632,0
-47.827326896199864,0
-3.4198394013288445,0
-4.328794845925203,0
1.0125068133860813,1
-1.6111306879607392,0
-3.4280322223708746,0
-0.14080407050603672,0
-8.608631407732517,0
-3.2014342733960612,0
-4.64494705477371,0
-115.15500089055384,0
-3.65666545602251,0
-6.609635967782723,0
-3.214130514963089,0
0.14838626301245395,1
-2.98309094689428,0
-23.660107303243038,0
-14.77118831719379,0
-9.606139311893983,0
-2.657865720065801,0
-9.535922783462937,0
-2.157137293077157,0
-5.861188943984943,0
-9.355763530351012,0
-31.36279566412084,0
-15.12343388729603,0
-4.502994187619678,0
-6.430284510780965,0
-2.51224454744768,0
-11.958108749189321,0
-12.598332065193588,0
-22.574375229487103,0
-7.133207196478524,0
-40.0175146915786,0
-2.897768188536774,0
-23.953850246332493,0
-2.6376562647052006,0
-98.29725105438372,0
-49.120997097408306,0
-1.2579576259809793,0
-106.20038681856347,0
-15.94849723482146,0
-3.6464710570358685,0
-13.22872219340168,0
-3.90908726450978,0
-9.226832427586103,0
-7.332878017979582,0
-6.016090340439022,0
1.155388368963414,1
-1.9425100779113373,0
-9.908209938941198,0
-2.5114447033625575,0
-28.467844632955874,0
-1.2532857651454643,0
-6.387081464875863,0
-3.763896641561204,0
-0.6681636534409146,0
-1.2683499446789748,0
-5.191325926694462,0
-23.303968530795444,0
-6.9708565744000035,0
-6.4925395602545715,0
-1.9426395440674051,0
-3.8757275887251845,0
-1.9383410997757702,0
-0.8759392297793775,0
-22.831419887610153,0
-2.1478024262538193,0
-5.668100927977847,0
-10.260902049841732,0
-37.79322399624614,0
-6.914835530063628,0
-25.22076771228565,0
-46.230117082428094,0
-33.87209467223836,0
-5.095016697486771,0
0.30510785985136035,1
-2.863351399129514,0
-7.40116256362633,0
-43.539004977042694,0
-6.288999875301287,0
0.4298807134040734,1
-16.686074493285176,0
-20.289944914147398,0
-3.1556373076524133,0
-3.938234022156011,0
-31.439250744420477,0
-36.67261804053085,0
-18.42588518409282,0
-15.142061979836924,0
-4.393247383551697,0
-6.816998721514737,0
-21.66155114208921,0
1.3588663841295974,1
-7.654117750374625,0
-8.590959396278393,0
-11.44678981335126,0
-10.430697346898867,0
-5.12852293160502,0
-10.232384026552225,0
-3.9018290788295227,0
-9.248701818687167,0
-10.320221685258346,0
-9.339649680630444,0
-10.312294068433019,0
-26.914766806475726,0
-4.99154242006587,0
-105.00358286064109,0
-8.119707899029507,0
-5.582836934226706,0
-9.49835663487427,0
-2.7315944381039836,0
-13.664957392793056,0
-2.5904295545693268,0
-3.1321898482634234,0
-61.162042301213276,0
-0.24540958028190207,0
-7.95649037336223,0
-1.747718378020708,0
-6.047641701523006,0
-33.045135524480045,0
-7.813531137253066,0
-4.437100681177598,0
-3.101692034113129,0
2.626203341395395,1
-2.3858039048132733,0
-3.59439267019441,0
6.643692992700763,1
-5.532935108894507,0
-5.721086195924344,0
0.036227103264919513,1
-3.6599923418903737,0
-5.366032494631853,0
-6.360366977932771,0
-7.959883628652805,0
-8.23083541749618,0
-0.9811110454389373,0
-26.25486301922463,0
-1.202173905715953,0
-38.44927891914956,0
-5.664877390015662,0
-2.4739563844119212,0
-4.04229435262785,0
-3.316891463029223,0
0.998867895301756,1
-4.487592770652172,0
-3.1512037034477354,0
-5.10429746116968,0
-11.329714786210005,0
-1.630944579242695,0
-5.176917019801821,0
-1.7670081545143868,0
-3.2446046935579753,0
-42.42879431485888,0
-51.37770164508363,0
-12.758934491815651,0
-3.0041772459586165,0
-0.7053152359508923,0
-14.148764619959891,0
-17.005236554432102,0
-33.140583305510134,0
-21.905809134571953,0
-29.71605986316679,0
-3.961822149859999,0
-9.277182121826243,0
-6.84495647515685,0
-4.21449846022695,0
-15.631643794018217,0
-26.5936502815526,0
-1.505188884707949,0
3.285458428530929,1
-14.270640362788598,0
-11.065880124813319,0
0.43826680272506646,1
1.3430961367779863,1
-13.48031524863434,0
-1.5568291400773697,0
-30.386466423231084,0
-3.784288710091986,0
-67.89524122962719,0
-0.7254270623303265,0
-2.3331814668559483,0
-43.79853061994761,0
-15.086335274397769,0
-13.438369848248456,0
-2.327448411160348,0
-1.9561096336179427,0
-6.306278535215442,0
-29.907490651013703,0
-9.221040378011438,0
-6.241190529842769,0
-2.2123624510346227,0
-3.356130545791147,0
-3.918717455082132,0
-18.488339800190786,0
-19.339168597281585,0
-6.276431918980578,0
-3.4239260654790806,0
-6.71463136256314,0
-2.9258857381569934,0
-4.847720246565204,0
1.3176313573207343,1
-0.2190589531306424,0
-21.206372771477234,0
-1.5036505191743155,0
-14.219480856095814,0
-0.7896091383004924,0
-2.169706423308143,0
-50.888379403338675,0
-7.204605496378989,0
-19.836515742943064,0
-49.10142942338241,0
-2.2050907260341583,0
-3.5762736393586048,0
-6.552256539936551,0
-11.073002354074177,0
-5.81938569682059,0
-5.161533616824799,0
-7.337506567556901,0
-8.981517856394547,0
-7.549923072197616,0
-18.234544689919474,0
-1.7761655253121527,0
-2.260783004865133,0
-5.091626741610143,0
-3.1495934018381186,0
-5.232577225782351,0
-9.936448870073562,0
-4.332392495161529,0
-2.5405220819444176,0
-0.6607157392496257,0
0.39825955730377327,1
-13.600371797867027,0
-17.75745835764208,0
-26.33584156796094,0
-5.964019550745051,0
-8.162704047928472,0
-0.7728739369773203,0
-7.647912921332662,0
-31.87772957114028,0
-3.5807148239324116,0
-20.40242805047417,0
-4.633990418711236,0
-3.9979864674165393,0
-8.493345637608925,0
-16.79784921796052,0
-1.7551702701526475,0
1.3664844274684773,1
-26.29136033153152,0
-0.9378503982366775,0
-3.855893223815273,0
-8.582498231254775,0
-99.17986979539963,0
-30.20838235662775,0
-3.017283693501285,0
-5.9960158682293505,0
-27.854290077236854,0
-3.0164427522245925,0
-37.32933487179214,0
-7.942148737965526,0
-6.695080791010313,0
-11.2824009960528,0
-44.713545410551504,0
-3.9499710107553065,0
-5.117066224265344,0
-25.312378257054277,0
-8.898528734738264,0
-14.861632723280835,0
-5.522530710375194,0
-4.205295990460926,0
0.805201115865585,1
0.8932684359173626,1
0.560234330151089,1
28.04683986811908,1
0.016508732035091178,1
-16.385757532850747,0
-6.667059065097036,0
0.5057130806748509,1
-41.15942105529355,0
-22.346672448627558,0
-25.63979677251298,0
-36.16546071129376,0
-26.765005138884206,0
-7.875825037357189,0
-3.4032011418235735,0
-26.584351224889886,0
-6.552125394060185,0
-4.8402639541960335,0
1.0268059050217024,1
-6.453453967732984,0
-27.28266740125362,0
-4.515180093243161,0
-8.984902677831613,0
-2.1755169550520614,0
-8.636635830661888,0
-4.022387781289198,0
-6.370718343961543,0
-9.394293654658739,0
-32.667850564881135,0
-14.669054976671376,0
-2.691626647617867,0
-4.224607274925419,0
-6.821250543878322,0
-18.177075057151868,0
-10.866904123605835,0
-44.134040744923894,0
-18.3223855793254,0
0.6042821175619073,1
-67.84696027165735,0
-15.900427456602827,0
-2.73192376259938,0
-6.589816956467602,0
-11.523014690239123,0
-16.069894461870334,0
-5.361273805690488,0
-3.5220979628280285,0
1.2853673924695803,1
-14.168437440333562,0
-0.43951759469162344,0
-4.730742658044236,0
-7.680192069797685,0
0.08472934469356996,1
-20.66709887699797,0
-6.107851118787566,0
-5.815241422831222,0
-2.2827728174957693,0
-3.195130708081323,0
-3.410603170930316,0
-3.0454507984464536,0
-11.474366587680905,0
-2.250475994216303,0
-14.235906283217972,0
-9.346492294578255,0
-2.0372788122691228,0
-9.149637353264168,0
-8.018425216294034,0
-1.0031661592070842,0
-0.5751363848390421,0
-9.046668366201246,0
-12.026068033948448,0
0.03419486560635132,1
-6.69900514110448,0
-3.107654946630263,0
-3.9844375953030786,0
-6.997596742737714,0
-2.8315753258135183,0
-9.875986459992035,0
-19.35010132828718,0
-1.7873496417447123,0
-4.049753303515517,0
-22.374489923654963,0
0.953237558926431,1
-105.00358286133958,0
-14.698193712283299,0
1.6565454876476187,1
-0.24269268309542813,0
-2.1717371530317715,0
-18.158046344447555,0
-1.891308390600515,0
-0.7747985907477224,0
-21.41741208889978,0
-1.120484788574303,0
-37.243541781331786,0
-28.871491843724996,0
-13.89519970920044,0
-16.739479458141048,0
-25.100211393851694,0
-13.051975294052298,0
-7.362185093391944,0
-24.922199168016576,0
-2.819088827003342,0
-12.185894420493767,0
-3.8854155404329314,0
-2.5173494124242817,0
-7.553147836202315,0
0.5876143518402577,1
-5.648379311030639,0
-22.273191313557234,0
-22.875070369721996,0
-2.4419988087534685,0
-4.596420177338204,0
-24.349715480587818,0
-3.067402455104074,0
-1.252807102413116,0
-28.747335400031787,0
-4.151193156670687,0
-0.25632048426594256,0
1.4306197542613708,1
-4.653321521378147,0
-9.476662989188824,0
-5.796775861082623,0
-9.827272046888154,0
-2.297157621003479,0
-19.60408685124237,0
-14.159368699394307,0
-3.3794483199158813,0
-5.226805219011639,0
-9.155723411247507,0
-3.21731458247048,0
-16.703570406396082,0
-27.094020261901804,0
10.159821064692025,1
-2.4681064378306283,0
-3.18273553021534,0
0.4299900298796464,1
-2.5040918678201516,0
-12.338219404634927,0
-13.997912198719476,0
-7.11164373419122,0
-26.310288794811257,0
-2.516948727257458,0
-1.186389018657409,0
-33.21632869070852,0
-4.1702900052547,0
-10.963897491579317,0
-5.627372448834266,0
-1.6730315694799893,0
-22.48866495898217,0
-13.705338609586377,0
-8.052376168306708,0
-18.93356189429285,0
0.06203615158339826,1
-8.615527746478236,0
4.090767867536143,1
-111.9110644654789,0
0.11461497968450285,1
-0.27666389934127356,0
-28.28106638917923,0
-4.323500604128257,0
-19.684322996333847,0
-3.3473941663902034,0
-2.9871558257651296,0
-4.0931683034501285,0
-11.195849871502631,0
-0.8350978853846565,0
-1.0168365055356654,0
-75.38681138243517,0
-0.06425864339651444,0
0.4447810019413927,1
-0.7749609947855598,0
-0.03579216129544793,0
-6.6738464108853615,0
-17.10227955794069,0
0.5064206847968498,1
-12.666023636680237,0
-4.369244619366854,0
-4.324994613889047,0
-9.245675694146101,0
0.9978599874961409,1
-1.9426581540897851,0
-2.205460700300663,0
-10.17517369555533,0
-12.196273007990001,0
1.8680323193624835,1
-7.351129664042291,0
-29.489360069280863,0
-15.204939225637261,0
-17.512787402876327,0
-22.357819766395167,0
-0.7048107099177097,0
-2.8865662564636105,0
-2.6451913371634683,0
-12.181977961015562,0
0.25347645911862937,1
-8.025044904592121,0
-15.399860072713253,0
-8.251343155432167,0
0.007659181538129722,1
-2.1942734308391474,0
-8.127161708230759,0
-16.910874515545927,0
0.3032199334269725,1
-3.4143819696542588,0
-1.7277469970645862,0
-0.42598411213801146,0
-5.735888258197137,0
-15.276985961717926,0
-9.353489493579744,0
-7.102622699086695,0
-6.5165574179623755,0
-1.404451605419653,0
-0.11581193883428487,0
-44.89439184731562,0
-1.1804240383713287,0
-19.17493251039521,0
-6.521067316054158,0
-28.950756264158898,0
-2.6207240938161513,0
0.6613484596459065,1
-1.5802916860189535,0
-29.729752698687278,0
-22.030471548212134,0
-9.163221743997909,0
-13.774837752665533,0
-1.2814927000650451,0
-3.719316351292563,0
-3.9257671605660827,0
-25.9485420861525,0
-4.861955324180216,0
-5.9705631592292585,0
-2.3434271663350765,0
-27.49306749396017,0
-17.887323284994253,0
-4.700832395210072,0
-3.107526237544861,0
-0.9283448005367783,0
0.6530869984130012,1
-6.187385861434067,0
-5.178787733740664,0
-2.3739328576408107,0
-25.695284844557662,0
-13.2463246496405,0
-13.10627726498167,0
-9.96180871113718,0
-5.410824156518701,0
-2.722023579866417,0
-6.081309429012962,0
-0.3287816553052645,0
-8.376255092101545,0
-29.752317872429174,0
1.0475131882052855,1
-9.470798595495197,0
-15.534684551799344,0
-4.820787030031696,0
-19.71343582776133,0
-16.91857323284019,0
-0.143019331218583,0
-30.23635122762751,0
-3.0279798745974214,0
-1.5807617776514045,0
-61.080004534399976,0
-8.151915765257925,0
-8.12748437630178,0
1.0424663953530589,1
-5.990852960799729,0
-15.485642205988896,0
-7.857345797695943,0
-5.594175588171837,0
-8.814517816288188,0
-8.868013271312137,0
-1.3403851634280537,0
-12.081499237952428,0
-11.071639894980379,0
-4.951575707578358,0
-3.1138077847932246,0
-12.311804616510543,0
-0.7970964421106865,0
-1.4771019533360041,0
-35.32031041454282,0
-23.693981396157668,0
-4.204055830843189,0
-38.642464572687075,0
-46.25598334288914,0
-8.092014292189177,0
-8.29023695915346,0
-9.611679048269778,0
-1.820335502655852,0
-7.5104404309746124,0
-7.263070309279628,0
-6.475002440892767,0
-3.427414355297132,0
-8.86003614307954,0
-20.225439592446108,0
-18.69834377890909,0
-21.100255666889623,0
-1.18013694266081,0
-4.219892594271713,0
-16.505320913194353,0
-28.11835126975309,0
-3.6499921008285847,0
2.333902968574349,1
-11.459376772261365,0
-12.550190382731287,0
-25.514219162701536,0
-11.672342942074081,0
-12.078610257659946,0
-6.136032063171641,0
-6.662688440912079,0
-14.143985446811328,0
-3.0187465581908137,0
-4.279473870359269,0
-36.46896239912128,0
-33.366627296439745,0
-7.591098440119439,0
-2.5994593967767097,0
-1.8592253589955172,0
-13.183204571752484,0
-2.880657793116897,0
-46.31420656236112,0
-9.50015347384722,0
-2.4893511964106247,0
-14.300566404366307,0
-4.688505274308754,0
-5.67525043874737,0
4.492355802795301,1
-6.65150129341744,0
-29.611426328199357,0
-2.930067376647984,0
0.18131213985218064,1
-27.942801541102725,0
0.9386184054823579,1
-0.24909454180267776,0
-10.732567897684547,0
-14.497457590863249,0
-9.034737681322056,0
-8.041575092887413,0
-26.238775776240416,0
-6.7924246056569055,0
-10.789585140220495,0
-11.917079012847879,0
-13.769921768405382,0
-2.128063306946914,0
-8.584347078452609,0
-3.508593697238738,0
-24.701403644117434,0
-21.108988660132653,0
-12.028017116018944,0
0.7827426004300113,1
-11.551832530450682,0
-10.456251969276835,0
-24.044995678799367,0
-2.0764462188304416,0
-10.001181689592684,0
-2.1446870861614835,0
0.2491143383889911,1
-7.0677159106486025,0
-3.2760901280922363,0
-1.5969421443729326,0
-3.086385554771895,0
-5.788523202084961,0
-8.129464107747097,0
-0.9359147747014314,0
-0.4440845787317622,0
-6.456751864104789,0
-2.89200194807161,0
-5.330616722690665,0
-6.731033134208318,0
-1.0779303031809642,0
-6.560015352886311,0
-39.160886264238414,0
-52.005967553071585,0
-8.150332971235528,0
-1.8882525006989264,0
-0.5485949176505338,0
2.629853746410318,1
-3.049846406960186,0
0.25264094978812945,1
-4.608993870329486,0
-8.689818638034538,0
-22.05159280310143,0
-1.7710696032514344,0
-5.7799508498061,0
-6.136066439277401,0
-1.7889991354091572,0
-12.099769913307298,0
-22.7488027162686,0
-16.425811790577043,0
-5.723592315312616,0
-28.696818704374508,0
-3.3164523009105134,0
-2.9957467620038907,0
1.460354855553688,1
-5.022601158204979,0
-3.7735093145525562,0
-4.565851926504892,0
-16.15552697273195,0
-1.9250325510289068,0
-14.639297711175075,0
-7.8336995243222,0
-22.856846368005407,0
-11.175327848533541,0
-12.879418296979182,0
-13.911400554621267,0
0.8602793311951435,1
-6.313862758200757,0
-18.106368030253705,0
-7.134725525560115,0
-6.32061370238769,0
-8.58086034001424,0
-3.7431379257682957,0
-2.89746462395813,0
-7.284112589644409,0
-13.504602661566949,0
-0.33888637314483194,0
-1.833792785931636,0
-1.6247302977568134,0
-12.350106980687613,0
-8.007802504456393,0
-71.3765612146304,0
-12.08260381059479,0
-5.184757527436504,0
-23.06359827251397,0
-37.34021607618304,0
-7.138722064678931,0
-5.493339429165261,0
-0.33026828972613576,0
-4.351510982938252,0
-7.127375699150051,0
-19.448367042590306,0
-8.918402142538596,0
-6.241498387381925,0
-5.41690813401472,0
-0.8469345835543018,0
-0.07136852962828844,0
-12.074245497562131,0
-9.046530896469974,0
-9.058310407249863,0
-33.362620483566914,0
-21.37504869909715,0
-23.64222665609084,0
-23.82472924417341,0
-3.6386885506577338,0
-105.00358286133958,0
-4.779455568328175,0
-7.896283501300403,0
-3.5751016114296172,0
-13.155360063282913,0
-8.099672869516851,0
-9.998234890888469,0
0.12301965858971098,1
-12.117272220471548,0
-8.613497365855054,0
-27.456305470237183,0
-6.447744386801404,0
-0.8651965620516231,0
-4.110089704575857,0
-7.235795711435984,0
-5.125707748265612,0
-46.20266452333415,0
-2.34997960165454,0
-1.3627003190045608,0
-25.59325151827177,0
-5.3469597210128805,0
-6.561736564653601,0
7.380879801632928,1
-15.8237710246827,0
-5.897616001565965,0
-1.5012371953922221,0
-12.659976121627167,0
-2.859633684019699,0
-2.1672713583898977,0
-12.858920451318752,0
-18.001800678648195,0
-3.2875206768872696,0
-15.06342722385996,0
-1.4760403842443148,0
-6.44114716514703,0
-4.496308471767024,0
-20.479556059762743,0
0.3419706039643833,1
-0.4593523192957756,0
0.6664737092509503,1
2.5034136105027036,1
-14.023304468406039,0
-9.081125124713779,0
-18.44696429555877,0
-104.83689390921025,0
-1.5149871985991732,0
-1.6322765419095768,0
-12.97367878558687,0
0.575247758264978,1
-71.3206225085956,0
1.8057003270882168,1
0.8368699117349214,1
-2.227951154985548,0
-41.99707237154469,0
7.463477886187703,1
-1.4421238415666986,0
-31.762956066471432,0
-2.565061047432736,0
-8.05496728658143,0
-5.192635497339851,0
-17.45341754932413,0
-0.07499325054921346,0
-2.4257173106376095,0
-8.981569881819794,0
-17.267403064564476,0
1.7189549189574072,1
-7.437282663398563,0
-34.7493862711777,0
-2.990392978571962,0
-2.849885824667198,0
-42.593171232154035,0
-6.965614277774493,0
-35.98276640690854,0
-41.278442708491255,0
-18.22439214209551,0
-10.88477851158639,0
-3.4455634192923563,0
-12.504362009356171,0
-16.721584037447954,0
-2.926146618992406,0
-25.20766195067661,0
-2.573504112864229,0
-5.52659854028714,0
-4.352337151976443,0
-5.6873874818334835,0
-15.138222270652093,0
-5.926669352767548,0
-5.398056587051159,0
0.5041277586864643,1
-11.707676664059889,0
-43.95872540289527,0
0.1547346944357022,1
-73.45491246699346,0
-0.784724424047071,0
-30.986862312834617,0
-2.985223932984426,0
-28.346899788891804,0
-10.978924032947887,0
-9.00182518522304,0
-14.288849041163829,0
-5.180509890043667,0
-1.7343281551071223,0
-1.981874006079651,0
-40.65229253198011,0
-10.105479019206157,0
-35.04597672681082,0
-1.8989939852832132,0
-5.387347768839008,0
-0.5696202071772669,0
-3.780018636774529,0
-32.956492443401274,0
-2.977413194246382,0
-2.7302295282712103,0
-4.182440713840678,0
-14.137790263404511,0
-3.699057559926204,0
-13.857831130567845,0
-8.27818146213356,0
-4.335774554732397,0
-164.59569786379106,0
-42.36129416153524,0
-4.241839201021848,0
-7.849182162950073,0
-12.038241674606596,0
-6.838465967571737,0
-4.9045489150226595,0
-7.807126850624244,0
-4.028120477108659,0
-7.746253540979141,0
-2.4554802935231956,0
-10.300399755978631,0
-4.275188882085403,0
-11.538736867579772,0
0.9679475363595165,1
-9.269294104633062,0
-0.9651589642958962,0
-3.5963482133079916,0
-5.5206274026055135,0
-0.27739890485789065,0
-0.5919175747036016,0
-6.064523727705436,0
-4.631948952526344,0
1.314088031031516,1
-1.0303077916683643,0
1.227379563017549,1
-5.083712810104388,0
-36.39866781177223,0
-3.541376240718436,0
-13.61689185590474,0
-7.869609213441053,0
-8.797735878084112,0
-2.2367715323558324,0
0.03374701825707316,1
-3.376526038038336,0
-0.41293863081189475,0
-1.317558114853072,0
-2.4262314730945755,0
-5.04359307321245,0
-5.704984859570303,0
-5.9436750740056405,0
1.9813295675998424,1
-17.286086651066924,0
-1.0165992098696544,0
-18.54701223737318,0
1.099327465672487,1
2.1400630791908233,1
-13.103213845235203,0
-43.251477311197576,0
-5.814857057375392,0
-29.075517626660783,0
-4.286576416524967,0
-8.520635450993339,0
-0.6679219647845267,0
-4.565781656979724,0
-7.827672083577981,0
-26.272783531348594,0
-37.935096115928516,0
-13.566806095455448,0
-70.0678274136222,0
-6.711878032022995,0
-2.8286346214732285,0
-5.5265989920659,0
-21.995040221088473,0
-9.931869781699405,0
-41.21787904407354,0
-7.578786094243314,0
0.7899157854557606,1
-26.962254392688536,0
-22.616219396011346,0
-9.025748663777975,0
-45.01076719834926,0
-6.968858411993623,0
-78.8323959125624,0
-8.113157467268664,0
1.458008266512862,1
-39.3128197552938,0
-1.0338256451864973,0
-38.69415761624221,0
-4.365710484845821,0
-2.3399572367339525,0
-2.521310356030498,0
-6.747284721881059,0
-12.80579236514275,0
-7.334473133094051,0
-4.195191071011849,0
-1.3609938610093915,0
-9.13254858236867,0
-3.3428647946344237,0
-5.678365233302956,0
-18.707508910250525,0
-1.3764635569892372,0
-3.2321705657883095,0
-61.99079105008384,0
-1.2548264488501255,0
-2.453933491378465,0
-28.772889105027915,0
-5.7867049169068006,0
0.27341003971416367,1
-9.516560752446438,0
-3.271759071525211,0
-4.444087431991265,0
-32.89728116035219,0
-10.408272405685764,0
-11.285092861078354,0
-13.869116885448946,0
-17.50466338924123,0
-13.486830233894196,0
-11.336898364715651,0
-9.30794860047861,0
-12.578804219119391,0
-28.303506997479033,0
-4.541563689046215,0
-18.99619880328062,0
-8.980511337074475,0
-5.9880162634286345,0
-0.4817419056849568,0
-3.6043084449261906,0
-8.61424554049843,0
-19.268213636190538,0
-3.0321105118851657,0
-35.88683429029295,0
-10.66756189868427,0
-20.801139268856403,0
-4.860698672294874,0
-14.028127359786211,0
-20.07015839618505,0
-3.3445091158278766,0
-13.337617163611483,0
-26.973913853412867,0
1.505944716358882,1
-9.074608950504242,0
-21.601021356363688,0
-29.93262835458843,0
-6.623813970909013,0
-4.6734808459073784,0
-0.3066731115028043,0
-2.5717670382869793,0
-6.112486518708082,0
-2.695641492143822,0
-21.15690927176145,0
0.6609818672517767,1
-9.524342939963006,0
-8.793673085434037,0
-18.955108488334716,0
-4.5169479031970505,0
-9.051073060785328,0
-30.84309638333032,0
-4.442788678111882,0
1.210090793778746,1
-38.72534536448764,0
-7.952224452026329,0
-5.230645872950462,0
-2.2580616598857697,0
-8.88205926049666,0
-10.450620423107083,0
-14.74825959679545,0
-3.0346551309117595,0
-54.93783645326728,0
-0.4998182345221531,0
-9.984355447602482,0
-17.3767391052166,0
-2.8553525552047896,0
-4.8727030059304335,0
-3.7372941329300184,0
-3.033736776967616,0
-9.822262368913997,0
-6.8066795430564335,0
-21.61834273831444,0
-17.891272975779046,0
-10.138593673189078,0
-3.994282044695482,0
-18.261348411855195,0
-15.84703411072367,0
-8.75529923590473,0
-3.128021995034559,0
-5.172732107086248,0
0.09462780446521801,1
-33.555449317740184,0
-27.265488483484276,0
-0.6445455546195982,0
-6.807825115647192,0
-46.07380650379453,0
-2.9308826638221754,0
-7.951812703896921,0
-67.4793273382307,0
-8.067053979269602,0
-4.174892611488375,0
0.3354986494163503,1
1.0796868815308889,1
-5.8627670885249055,0
-25.42006999348048,0
-34.571768291592505,0
-37.038918639772945,0
-35.25842759723999,0
-6.376369083423541,0
-11.497770749505051,0
-2.0223942534426707,0
-6.86687264586324,0
-7.551131992942445,0
-21.200832615264133,0
-6.566763540664014,0
-4.959430548762229,0
-27.981085613449594,0
-38.06652531878315,0
-4.102929132037006,0
-21.569969711220963,0
-6.098227727757675,0
-4.084154532152369,0
-11.459251502739406,0
-16.575944309770037,0
-8.24828070535257,0
-7.049653420115264,0
-22.236516711687344,0
-16.754318073908124,0
1.212799381719761,1
-4.880025178550185,0
-8.603853977088491,0
-0.6875580357587561,0
-13.727253253811412,0
-11.550640631619515,0
-21.244017507480365,0
-3.6387268673057216,0
-2.401673757398002,0
1.0605127293751329,1
-3.1505408334556515,0
-8.124082796981,0
-24.424441764312704,0
-47.37176133233113,0
-1.1278688698290162,0
-30.198358164714207,0
-22.673927099247138,0
-12.191086786107533,0
-26.057334167540446,0
-35.85829651344791,0
-4.865529427704659,0
-20.856172336243233,0
-38.835378911178466,0
-3.870085609428842,0
0.8777241874053479,1
-2.1164163879507933,0
-10.817604283692688,0
-8.091945450628899,0
-2.3851610750640058,0
-1.242568172986993,0
-8.587595896860492,0
0.5468135474733762,1
-15.745903271053592,0
-16.056018675858994,0
-58.31332661788436,0
-1.883213597800549,0
-12.974985894550244,0
-8.253279963544244,0
-5.174517275634188,0
0.9172705381137538,1
-32.10329544370286,0
-2.4619618440916193,0
-6.027938591468755,0
-7.111409511918809,0
-9.765389201762062,0
-33.039689192089625,0
-4.4934808163739755,0
-10.05908648420116,0
0.5016307866830365,1
-10.22239275929276,0
-0.227607582418913,0
-5.223251155264351,0
-3.026136723048311,0
-26.688695975004137,0
-13.867945767043764,0
-1.48102965676624,0
-9.848346038146317,0
-1.3537774240972604,0
-8.400817139255722,0
-15.654821426032484,0
-29.07833711046949,0
-10.481237631821912,0
-56.71547619364681,0
-5.843761099087332,0
-13.980614262232464,0
-6.106356229945576,0
-4.96634984148075,0
15.519911894247727,1
-3.6054562606801293,0
-53.46432208916629,0
-9.296202508739569,0
0.9507947501846692,1
-3.9943141202307553,0
0.33285477619249004,1
-37.058684225550294,0
-13.564920110285655,0
-3.980908541874286,0
-22.272711731645884,0
-1.6227183072984,0
-1.2969907868023975,0
-23.36235230632117,0
-44.959050425160584,0
-0.0071229842065614335,0
-1.0575162332675783,0
-14.273169082625444,0
-2.7482543662695926,0
-3.047138413835982,0
-5.4256588459316655,0
-4.551242992943643,0
-17.81418360977075,0
-13.59046980791716,0
-15.922309024004406,0
-37.640765525582154,0
-4.783680385800452,0
-24.047013983370178,0
-67.81574640406286,0
-73.4974599541816,0
-25.520059412759636,0
-0.8693544122211998,0
-13.75463880444984,0
-2.0022287969691925,0
-2.04123581889833,0
-19.93890059379153,0
-14.591718215400377,0
-9.107647564807465,0
-5.819065042778292,0
-6.069549708735921,0
-27.7562062201974,0
-5.304083356742539,0
-14.485352314287937,0
-21.75158710338981,0
-17.939882495825785,0
-14.190532193933521,0
-10.06827815467075,0
-1.764069312331757,0
-2.2219071512732436,0
1.4613201713076895,1
-7.079881526071021,0
-8.08229641748001,0
-33.07756352466056,0
-3.006983592443775,0
1.1019928579629967,1
0.44309978446874165,1
-13.894412713627005,0
-35.1619379199761,0
-9.91892096073532,0
-58.935013241898176,0
-13.093335349090538,0
-25.016736112541892,0
-5.680213057763084,0
2.8841924492084408,1
-0.0868897393298349,0
-16.005625311466773,0
-9.278093390988559,0
-17.902591743222345,0
-0.29627941080941955,0
-4.265726555014752,0
-3.7738910907424534,0
-7.873058328339156,0
0.41981966643690694,1
-5.075817780197739,0
-3.1627861391239813,0
-2.350021748650378,0
-18.64391403500447,0
-36.909760116315354,0
-25.086873642059416,0
-13.06640072388798,0
-7.877540206339817,0
-0.772425231188735,0
-26.83961186814811,0
-0.8604730424772962,0
-0.4293897050007027,0
-11.888904191706004,0
-9.034166391392844,0
-2.396663501436323,0
-0.6509419525896911,0
-10.705890633958532,0
0.4764247052666368,1
-2.4128000687847626,0
-55.09732284019226,0
-1.5585363208661684,0
-32.53902776441062,0
-12.36269127650992,0
-14.266897244676855,0
-1.8463618549499907,0
-6.522526366541187,0
-4.08019040089819,0
-6.996749229808828,0
-19.382762967208308,0
-7.585651532724641,0
-0.15388432810830555,0
-5.053622107625032,0
-14.578757639020822,0
-14.805624251260795,0
-10.279937649967522,0
-15.348740487715602,0
-37.036595617136825,0
-8.726408608497493,0
-26.022343714495562,0
-13.543350178406016,0
2.0590444646954174,1
0.9510697310546865,1
-4.98275484692529,0
-26.192982649728563,0
-3.897211688955921,0
-2.3466980815206435,0
-2.3284391679695355,0
-17.13852438033753,0
-17.011473692232883,0
-2.1902643070712466,0
-3.0564505746438764,0
-5.216481194285351,0
-8.5793417700839,0
-4.025362102132548,0
-2.8919545555177857,0
-16.21970160745657,0
-0.8010247091002194,0
-11.952178298502602,0
-25.349840322632716,0
-29.980877530476917,0
-19.376627095225174,0
-1.8480127383296159,0
-0.3208930048491121,0
-25.05242992065139,0
-11.60074758300432,0
-4.137127336761822,0
-14.084734471056052,0
-2.798913969199547,0
-3.460452905724723,0
-1.634574030467392,0
-10.610906308902102,0
0.25666719711482155,1
-3.501940296533193,0
-37.39805907017542,0
-17.087738986599632,0
-17.111014448346012,0
-26.375043120067474,0
0.5008093090295196,1
-9.342942552560615,0
-4.480759239020316,0
-5.473293926821115,0
-1.160358290806088,0
-69.68776515994212,0
0.8287828820979675,1
-7.4166556080814,0
-12.70833248558445,0
-13.987608429313312,0
-2.208984453659995,0
-29.28607575625172,0
-9.604554004814034,0
-0.9644729336501578,0
-17.313159629796772,0
-6.0302032090326785,0
-14.553891810595431,0
-16.42394688484599,0
-1.5053879294205936,0
1.6796999003785649,1
-60.81307222910216,0
-10.44659098739028,0
-5.540298112049258,0
-10.112204781129165,0
-1.1175831797878155,0
-15.87953844696274,0
-27.018606103206892,0
-20.356798766711634,0
-13.756822812552471,0
-11.148221620510938,0
-31.981590017450415,0
-11.398766207108181,0
-22.03231083683893,0
-8.672858618672379,0
-8.624558204064286,0
-6.014190390349158,0
-7.041654892258138,0
-3.5511403728374527,0
-2.5814808666978744,0
-29.415221876238846,0
0.6621229003580273,1
-9.528546766908747,0
-1.2860085663483725,0
-36.31939079374531,0
-7.520479648017116,0
-15.832957174199308,0
-4.107833147608816,0
-2.915080931844913,0
-15.187978192326753,0
-3.6979301066526924,0
-24.27764721425008,0
-0.37068819317899315,0
-15.016947447649343,0
-10.210652028391976,0
-16.20161509846328,0
14.524485708120139,1
-3.0213150526174823,0
-4.8411294851608355,0
-0.9900959728907575,0
-9.905225401198166,0
-15.782196539461054,0
-57.63213866734402,0
0.03858511128093678,1
-3.264806126847888,0
-2.5766037055432927,0
-14.197256592283864,0
-19.852971212974424,0
-3.6213664523453,0
-30.723484469584562,0
-1.9223717596247107,0
-36.736923350260966,0
-68.28197308671186,0
-6.445593884454483,0
-36.28870118025914,0
-11.343134534639447,0
-8.961910530320509,0
-1.0441066468116142,0
-15.94809861915526,0
-0.33343539471350514,0
-6.427795303555812,0
-6.694512833877142,0
-2.180945870742634,0
-64.14007845865088,0
-2.174421202565626,0
-8.894823709276878,0
0.18422892042910544,1
-5.7888685848661945,0
-1.1248869215338155,0
-57.94918320683753,0
-13.4042033352667,0
-3.6640896260137916,0
1.421325444615305,1
-9.418291841756925,0
-3.173969911178191,0
1.0125674131126479,1
-3.9082083392855376,0
0.17981805372293902,1
1.8531085871222066,1
-1.2719895531914327,0
-2.4627282409270075,0
-10.736679102126416,0
-0.6906717378220302,0
-17.493196024013358,0
-55.842636481807475,0
-17.52612431703126,0
-33.07735486358395,0
-1.9983373246573857,0
-30.123958536750777,0
-95.0089152996148,0
-8.346392720304337,0
-7.314662513184502,0
2.2257925422676825,1
-5.976310042845925,0
-11.11710182602799,0
-0.5838987835155232,0
-12.582058372273949,0
-21.372396466794797,0
-11.504625363689755,0
-7.025097391633225,0
-1.1350401799277998,0
-9.065020265777619,0
-3.1821222545182346,0
-8.021615428900603,0
-20.397079072026443,0
-0.004613938122546735,0
-4.051295407807246,0
-1.8423386828940957,0
1.7605721897420343,1
0.9187572991872193,1
-12.644478857669654,0
-4.431696575432924,0
-3.292529568053923,0
-17.85217895190688,0
-2.5363022496381555,0
-2.4146663550705663,0
-23.303296480567568,0
-5.706552135168367,0
-30.441068616935425,0
-1.3341914606495076,0
-7.238099754329213,0
-16.105436675257423,0
-9.791976725180191,0
-18.703091032024147,0
-7.418809429545562,0
-22.845220341063012,0
-1.7910848973547937,0
-2.2337358995788046,0
-6.572742210562482,0
-33.22783391393712,0
-8.017205549090775,0
-9.993235097477353,0
-10.82676111761937,0
-6.196840394004156,0
0.594268769433639,1
-7.222240940136161,0
-17.323581033102144,0
-17.676015612763493,0
-9.101936514496245,0
-12.153132433020417,0
0.2657709271156099,1
0.27176980926780825,1
-2.497673716461194,0
1.9436061659511514,1
-12.138920973876864,0
-27.946350203426462,0
-9.865286243547942,0
-47.67421765876459,0
-14.011991940998612,0
-14.234590129060578,0
-9.868291601036233,0
-20.668242702500336,0
-0.7500507371947416,0
-62.24824733264502,0
-4.519256563660364,0
-6.954884518890666,0
-13.962130010775198,0
-1.2001345293097794,0
-16.291693222744996,0
0.7443782924460001,1
-4.2352529388659415,0
-7.982312427243941,0
-2.584075310987445,0
-19.079065468663956,0
-30.26741491968967,0
-15.247643122631032,0
-13.543265610387223,0
-27.149825012260024,0
-17.29233638974945,0
-4.310282487152635,0
-2.727386608195574,0
-3.1102412899850416,0
-3.7917918558737975,0
1.043210387281234,1
-4.9796222914661294,0
-10.836345961295208,0
-15.945395581838582,0
-37.5012423134245,0
-3.899356192122995,0
-8.667519964371948,0
-34.76171869360367,0
-62.04387687700326,0
-11.87462009813278,0
-0.9678168131136582,0
-25.031524428580795,0
-20.031097899896466,0
-1.6723772034088862,0
-2.1292831487731556,0
-12.634420925554494,0
0.33209931564526496,1
-17.623369425003673,0
-10.10874391414798,0
-3.7130060967970886,0
-6.882383354102402,0
-31.33641788608618,0
-12.191563489504532,0
-1.8855995726404027,0
-11.264226296225004,0
-5.2775726739269695,0
-3.6919571444664863,0
-66.70410965342997,0
-14.050814038469596,0
2.347291935548511,1
-17.15292086400548,0
-3.169361188374368,0
-3.390203952607025,0
-19.012153864670452,0
-39.22395785782244,0
-5.4186403984418385,0
-7.849567855787954,0
1.1622164803633686,1
-1.5269615602151854,0
1.8534584647790515,1
-8.931708042735025,0
-38.007152378333174,0
1.475377902803685,1
-7.953766716330919,0
-8.225441667316389,0
-31.754978379765433,0
-5.580690354290327,0
-8.58181387987095,0
-0.12732848281992037,0
-7.500446249592259,0
-61.0645811377977,0
-54.92932533933306,0
-9.349424477615301,0
-4.100104088465359,0
-10.102407408652269,0
-0.5267381628505783,0
-4.211760880650744,0
-36.78789285646742,0
-5.03556249876381,0
-19.836225413811533,0
-14.121847616078938,0
-8.098363060976752,0
0.4063657645460088,1
-8.676235946164141,0
-5.042837035703614,0
-16.234495061136457,0
-7.48082150531225,0
-4.046686589870277,0
-8.881813264167775,0
-3.227114741348104,0
-5.100466248033244,0
-112.81466368685467,0
-4.343289488933423,0
-27.245932606113982,0
-24.230298956251843,0
0.3693605970696998,1
0.35412533162927584,1
-8.897427409719583,0
-6.146631364368276,0
-70.08224207146084,0
1.0685422231839956,1
-2.168673150750309,0
2.5214587635349934,1
-47.197444929981046,0
1.018968908313055,1
-14.512151774316933,0
0.25614726455425707,1
-22.96651755832825,0
-3.357689478004958,0
-2.550422882566253,0
-65.41642195144193,0
-37.3612765483045,0
-31.154932583863754,0
0.7794820708444794,1
-7.283015101805703,0
0.3060293012753581,1
-9.843146913167928,0
-12.022780601931643,0
-7.788261774759648,0
-11.106759406400286,0
-2.8065104250195683,0
21.93195104380031,1
-31.37415384432059,0
-7.686198689574284,0
-3.13833867866886,0
-2.625804396935181,0
-47.65068103775373,0
-43.46012835164545,0
-14.950715687918617,0
-34.70032496751044,0
-3.6508288186374367,0
-27.747429708724283,0
-6.642494917504863,0
-8.853321722409945,0
-1.8317100508935065,0
-3.043151768789884,0
-9.290567885538238,0
-2.7894159872881383,0
-60.70339612343339,0
-16.324736714864756,0
-5.102619336953993,0
-13.702443280758942,0
0.20574009048179587,1
-59.25588978600679,0
-1.6337947944844737,0
-10.045985510841618,0
-0.4641788054646705,0
-7.6904983578784405,0
-9.774628588732938,0
-19.183821059246455,0
-19.8771382838964,0
-38.04192374298107,0
-13.874488795386767,0
-11.372453050491075,0
-14.858145065350598,0
-5.545882683181461,0
-28.816812717479095,0
0.018466259251382233,1
-2.3476314000796075,0
-9.655160952773784,0
-5.4205607784020495,0
-57.6694420815398,0
-108.93264149450222,0
-105.00358286133958,0
-1.5265294644119232,0
-2.088866855010182,0
-15.464976244700281,0
-1.3931081785263624,0
-21.149081817689492,0
-2.769520288878611,0
-4.35707486861027,0
-39.41219619650617,0
-22.477899386816333,0
-9.699406571984198,0
-6.833087985337969,0
-31.611325248791744,0
-18.56372735152361,0
-22.56186640833728,0
-17.141301456147247,0
-9.35563882548702,0
-0.7164742605596794,0
-32.010918462539465,0
-51.875634986914136,0
-33.55503134453427,0
-31.576789721562434,0
-16.976480159246037,0
-19.390442013339978,0
-11.331806703448436,0
-3.147491483599496,0
1.0690880814803867,1
-25.686666466942896,0
-109.75395367173003,0
-29.607246378443577,0
-8.350316186413309,0
-39.22182696412308,0
-7.7720719985296265,0
0.6581766647217782,1
-11.871125666897186,0
-44.85834666027911,0
-1.5277096215427983,0
0.2763378513704273,1
-0.959108596252535,0
-13.905996878609201,0
-19.91896966432212,0
-11.271479482391058,0
-0.06349314105280346,0
0.37192578425349065,1
-0.22987542072185452,0
-3.298111795920321,0
-24.577617223905307,0
-1.612207080346324,0
-8.74239460330098,0
-6.103655883292576,0
-17.53588546315548,0
-1.6024363531247028,0
-1.8984096988929915,0
-18.71903282928504,0
-67.7743964138859,0
-17.471836014191993,0
-2.2710874933032565,0
-3.6828008866792326,0
-31.114854930092022,0
-14.983370571113099,0
-14.240693063423876,0
-6.186752660366964,0
-4.708132284351067,0
-0.9018104046186446,0
-21.436013349484327,0
-32.640892442904786,0
-24.169259034220502,0
-3.1719431982852067,0
-105.00358286133958,0
-43.32469021325922,0
-13.164522982995166,0
-52.38248388661994,0
-15.733347645560187,0
-28.441957118695044,0
-1.8131967890872867,0
-1.09904728245563,0
-13.288034517615941,0
-29.813627189206798,0
-9.205050312222355,0
-9.198520810786775,0
-4.019889958457115,0
-13.50952490437301,0
-12.633548178949766,0
-4.981213324360923,0
-13.94827899375339,0
-13.004125323822862,0
1.6092158133546226,1
-17.7750246413121,0
-9.271068416731922,0
4.889771234440942,1
0.009335600880532091,1
-4.079955932181819,0
-13.296405441774894,0
-21.044286901603826,0
-26.66133721441254,0
-5.264904369345076,0
-3.3044360224372022,0
-6.305435134483177,0
-9.558835870476813,0
-10.025260471512937,0
-3.828579084030552,0
-6.842703888490704,0
-8.721629910701793,0
-14.841952479509544,0
0.1022450220411164,1
-14.53928866092572,0
-2.339768511351921,0
-7.480556953487011,0
-29.24468586233668,0
-6.584037265965507,0
-0.58304159921643,0
-24.40922409212324,0
-13.830446987274243,0
-30.483597339254246,0
1.8509717120545437,1
-23.140879261197895,0
-83.14853385504792,0
-4.36666588594342,0
-8.673435006312118,0
-23.799009773654305,0
-5.736396714397032,0
-9.297254293261702,0
-3.8009985962776947,0
-1.1955732218771837,0
-11.602476843581442,0
-16.769753384760023,0
-9.838366798525001,0
12.728603275587759,1
-8.473834202428023,0
-1.736551122805012,0
-14.510521059658984,0
-9.64397032990344,0
-3.2155723633546396,0
-6.491434747185466,0
-8.907348357002391,0
-0.803138025395655,0
-0.8702564588234774,0
-2.8285204660420087,0
-8.028650010564505,0
-3.115042984899973,0
-15.178791867372254,0
-28.837151983817947,0
-9.384915380905639,0
-8.799641248558672,0
-10.957117475634348,0
-3.592920062459215,0
-2.4425003374049803,0
-4.050937270374178,0
-3.694759864046845,0
-3.308660329675676,0
-0.3008227011956288,0
-1.865263313323866,0
-96.05098244705694,0
-27.145936154883728,0
-1.0760772312419968,0
-1.1990361621570438,0
-0.750667192405289,0
-3.0812500263051144,0
-0.2370040374367628,0
-0.20139557379259632,0
-29.732067577605974,0
-7.2406472958314945,0
-16.471878748350335,0
-64.76647426986126,0
-33.469473102718965,0
-10.211251161766612,0
-7.041188111288265,0
0.7242643701178357,1
-3.249093578756928,0
-10.187935262299632,0
-5.625657887030301,0
-16.936410995003442,0
-2.051503213493178,0
-12.928157320602239,0
-20.927850070590992,0
-13.402393244039175,0
-2.6924826840036795,0
-34.88648106826402,0
-32.43133953167815,0
-21.541708585347422,0
-2.6158085884668063,0
-2.1144560343305594,0
-6.104809320422263,0
-0.8740203543198541,0
-24.59485575563265,0
-28.556612024789118,0
-2.9396753518154393,0
-8.874804068581923,0
-53.09069865506133,0
-13.42702384060938,0
-11.914840449556849,0
-14.030803189299675,0
-4.228902745824215,0
-61.751086183655914,0
-17.023916596902907,0
-28.839189207188227,0
-0.8224844736829064,0
-3.563339464053187,0
-34.18440241524475,0
-6.223943727650821,0
-11.660004009412276,0
-6.836669360425348,0
-0.216887188725722,0
-1.3004634178283405,0
-9.813060846172064,0
0.45665115206831697,1
-6.926612228263893,0
-6.046742302983675,0
-7.330625135356585,0
-13.88002367388215,0
-13.147388303048118,0
-4.315676172983857,0
-9.120293527673837,0
-6.687376869034396,0
-8.47783270624457,0
-10.25338410595539,0
-1.033430247960113,0
-5.765109693012691,0
0.6224483641530432,1
-3.34437958494489,0
-39.15069252945939,0
-9.082285681338888,0
-0.40325066507610163,0
-12.661770243932168,0
-2.502249084892882,0
-37.075031660678704,0
1.3230088249623995,1
-10.632432185585984,0
-8.448052474828344,0
1.0826041074109716,1
-0.4158674056230476,0
-22.789775160875777,0
-14.866524740245566,0
-7.553140143070395,0
-7.312425448915364,0
-38.62309842621433,0
-14.217219984602323,0
-32.97081769700851,0
-18.650193330751407,0
-4.233050185859228,0
-0.42159094798951546,0
-2.9048015530493823,0
-7.215879860020849,0
-19.975115419023112,0
-35.69917975879032,0
-6.265279665887264,0
-29.754760915129353,0
-8.566709378959402,0
-0.13485342614110696,0
-18.607528883563262,0
-13.95865879028095,0
-3.467103085931357,0
-4.578662852181496,0
-6.36543315734123,0
-6.791975005493058,0
-13.119393654203648,0
-2.908066523544748,0
-11.796565198550141,0
-9.400388089437527,0
-6.249276591500874,0
-1.9372903188410229,0
-7.852449715901074,0
0.28531357522335465,1
-4.38330730009291,0
-24.132743419853412,0
-2.665514528474504,0
-15.710639798496757,0
-8.099170397144533,0
-24.63093816349972,0
-3.5599794001532965,0
-28.317128382746503,0
-16.822623309424287,0
1.5878713163332767,1
-6.854851658855822,0
-38.109399575630576,0
-13.623534869962512,0
0.7235706984942416,1
-5.081450152392407,0
0.7868371269582175,1
-5.509164621536528,0
-9.374701628803066,0
-3.2725512108223294,0
-2.8668917290920755,0
-6.975455626895909,0
-8.61526905403987,0
5.394555624094592,1
-18.29273240545406,0
-7.520564197918774,0
-28.148596828926728,0
-12.547897287098365,0
-13.027191590480996,0
-3.74509927047582,0
-7.154084889668938,0
-1.0638045565206804,0
-23.151388515608758,0
-0.9041005363538526,0
-28.825808256463986,0
-2.903107392768633,0
-26.91681962181572,0
-1.908917421481946,0
-9.07151490719805,0
-19.962299440936093,0
-6.1691782846970264,0
-5.995733348121193,0
-8.17031461268887,0
-2.1997146341669387,0
-3.7885575033065644,0
-1.275647275556893,0
1.2226196735140737,1
2.357248380205802,1
-7.314304644088751,0
-7.664440178974091,0
-3.4360026487625683,0
0.950064487828441,1
-5.818007000888955,0
-0.05411031546789591,0
-5.681550208893513,0
-4.739974679825154,0
2.7816662078625276,1
-6.965091705241847,0
-19.135597394262348,0
-12.490755559505104,0
-5.042394761497762,0
-17.784739468690148,0
-20.765456891509146,0
-32.03265982255796,0
-27.579400278576557,0
-3.2910124436089783,0
-8.417790801154823,0
-6.143098427295244,0
-7.551600976170065,0
-4.915694487811906,0
-0.26253884564319296,0
-54.68680808490133,0
2.67071346035702,1
-2.266568736645767,0
-6.886301939149761,0
-6.623290639872338,0
-11.377182492382033,0
-19.54619095574124,0
-4.0102386296417345,0
-7.513042893209403,0
-14.585420827155374,0
-26.81293879764378,0
-2.3025447736941524,0
-3.3888716683209887,0
-2.160911874517823,0
-25.416882286029775,0
-12.397477751633758,0
-1.1741915734670139,0
-10.820464772120957,0
-5.197032143179585,0
-2.424734275111022,0
-0.7170679606275181,0
-48.862781075767614,0
-2.9806671800830182,0
-1.9018067874709041,0
-2.8009834850596045,0
-3.2318937288578846,0
-34.50803787542789,0
-0.37277373970535255,0
-1.2065148233010214,0
0.4159455798293683,1
-0.619778685991677,0
-4.106681603595988,0
-56.01346728899041,0
-21.26214174531158,0
-56.40716313099945,0
-2.651217152371445,0
-13.418293543341477,0
-8.607213977585687,0
1.1607115716036978,1
-65.11609679082865,0
-19.793382086390537,0
0.8154370566266342,1
0.7970814085787614,1
-6.502440738018394,0
-9.727506319504371,0
-3.8008204700232264,0
-17.7728671709843,0
-13.054220174999116,0
-9.859923540621438,0
-5.923649306823408,0
-2.0797733197901644,0
-20.028317333642534,0
-16.627412259702012,0
-9.076405479652365,0
-0.34854901763135704,0
-8.90180781123452,0
-1.3608405795599348,0
-10.609981687775488,0
-9.224615183956828,0
-2.8269222396334763,0
-6.090647542361311,0
-6.608296515936289,0
-3.157626899344522,0
-9.616581240806752,0
-0.9048881183039876,0
-3.4612752449680366,0
-5.755295514427034,0
-5.150771000705917,0
-15.915501528804796,0
-17.745097039652663,0
-11.665188125108742,0
-0.8370321131729535,0
-10.554741563660698,0
-4.444478000899452,0
-3.361644896962006,0
-12.626096548461263,0
-14.599872579572164,0
-20.75132166175861,0
-17.90126908539203,0
-46.67785285542011,0
-36.083047339699604,0
-15.569985749003152,0
-4.480797284406052,0
-17.201479701070255,0
-1.5273661669121603,0
-4.740491207739596,0
-27.93383709534062,0
-20.298802154291096,0
-8.596379990900076,0
-1.7311128219876801,0
-4.168182353292267,0
-16.592373228318664,0
-15.989484655124741,0
-10.707070583164366,0
-27.437808381051198,0
-6.098820343751485,0
-25.479056867486705,0
-3.6635624268815983,0
-37.71915606118962,0
-3.54493906493697,0
-4.51304430125272,0
-2.628798968070968,0
-11.71904493988366,0
-10.86238531850502,0
-1.46684700168369,0
-7.787876305104491,0
-40.77512382815583,0
0.6588453937369385,1
-31.537182846753765,0
-46.210044156359416,0
-9.822013143078564,0
-0.8129954411484315,0
-10.410915417574486,0
-12.593052375806636,0
-39.724454578892235,0
-59.04856020451514,0
-8.216019427425252,0
-0.4977615690582562,0
-8.58653301948614,0
-2.9457447463497184,0
-13.60755728124748,0
-20.124576941488684,0
-15.535748571746424,0
-17.303441001982335,0
-1.0787328394140596,0
-4.56458773602897,0
-7.121035135576293,0
-9.151848569417396,0
-2.580377362078779,0
-0.7587889679339961,0
-1.3711575494013042,0
-1.9665148690033485,0
-5.731756613785891,0
-1.3866717701090048,0
-4.7087264482903075,0
-43.30953661748897,0
-0.17367066672120846,0
-3.2216819190576453,0
-1.7374528437427026,0
-8.563890718410747,0
-3.4521893869455917,0
-37.770080046036654,0
-14.226107847883739,0
-9.432710380547704,0
-0.6010506123489714,0
-19.737665786123742,0
-2.0725311619531377,0
-4.992718960078109,0
-0.1289359334983411,0
-3.1219665477907066,0
-10.767947593215993,0
-29.89586942701824,0
-8.321621635891987,0
1.395667053577582,1
-41.04815323325563,0
-14.365475098725781,0
-18.697461203911715,0
-5.5383192147197216,0
-5.438373659846165,0
-3.1717719845906496,0
-8.55759312422704,0
0.0022282254434875526,1
-7.051880987586245,0
-11.312004207873159,0
-6.661280526582758,0
-10.597265027062875,0
-16.29728283629045,0
-0.9729771949201487,0
-9.876203081955808,0
0.4837170167306075,1
-11.491882040928957,0
-9.444323558658269,0
-3.385294703526214,0
-3.950440800682899,0
1.1725189017237616,1
4.168912345369264,1
-11.855850496685505,0
-7.7417758395673255,0
-4.627409362350208,0
-18.434428670916148,0
-4.586465976528033,0
-67.09128782473961,0
-5.426754343810516,0
-5.296955041725213,0
-35.023036629259494,0
-18.268156619924028,0
-8.052130602365267,0
-16.585798234161828,0
-13.226809426828893,0
-0.8307109264056445,0
-52.04067575361803,0
-6.502053434996541,0
-49.049858901889436,0
-28.722785994650238,0
-42.267627949775104,0
-15.928253823316098,0
-22.37249422661951,0
-2.5120717456662343,0
-19.644082883612626,0
-6.436976707212652,0
-1.8065760135646807,0
-1.3171533513301066,0
-10.901762536762888,0
-24.79922387621589,0
-4.978859090136738,0
-2.034014981843556,0
-9.039345134376688,0
-41.50747849373836,0
15.761727760800952,1
-25.956072956388724,0
-7.1186828995628995,0
-7.319328096280132,0
-14.96764355817102,0
-3.061692253307755,0
-19.352557929356024,0
-24.539470790484827,0
-2.3270602827320355,0
-2.2660707303799237,0
-21.125142652111734,0
-4.701162456512592,0
-56.550318846893404,0
-10.328466338665365,0
-13.393888728961954,0
-14.503560251010256,0
-13.657455140295113,0
-12.42373438346074,0
-4.573234498929723,0
-12.170779426763673,0
-7.3333925714319586,0
1.086822711266378,1
-2.2185027011651792,0
-17.00006689032996,0
-3.1033287467212896,0
-5.855390724340013,0
-2.105000367118536,0
-40.899858450174705,0
-8.64027508935358,0
-5.107541748882412,0
-12.750537971245265,0
-40.96569176426381,0
-10.175228566432978,0
-2.8203757227089037,0
-6.804173346033694,0
-42.716396502924525,0
-1.8298090912208673,0
-3.63923033353747,0
-6.477669132618375,0
-2.376098478016119,0
-2.1501303164983065,0
-37.89022804145459,0
2.1920836503781365,1
-13.493177479096246,0
-2.5979928915181327,0
-44.87397256307993,0
-6.506275964834985,0
-4.02889109310452,0
-36.5684546198532,0
-4.088711979631243,0
-13.371411606297968,0
-12.165932434414188,0
-10.01416076612766,0
-1.6741913101428318,0
-9.348293069989793,0
1.541576700452807,1
-8.63107055120743,0
-2.9441320408000857,0
-39.19664433983378,0
-5.263204782495067,0
-4.687257624762041,0
-10.70743628688031,0
-30.284156356013753,0
-5.090153858945613,0
-6.186648609443709,0
-36.42854655994559,0
-4.425830588188163,0
-3.02627130274739,0
0.46070890036973733,1
-4.776617745977618,0
-3.4883158558291862,0
-50.39222931635557,0
-2.051108731349431,0
-7.294971357819649,0
-0.13267957287423915,0
-3.823975319049695,0
-4.137598198976392,0
-15.180085555482563,0
-0.2063349448795444,0
-83.95361439401275,0
-35.582594359766134,0
-14.258048519528145,0
1.492810315947664,1
-13.256698667398794,0
-16.886590620509722,0
-3.046238409143897,0
-7.928150125669689,0
-9.107983323315764,0
-2.2006013335990966,0
-18.03811372788148,0
-9.035160243328917,0
-2.6600084635279737,0
-8.945639237186313,0
-10.987615620491468,0
-19.912950048579276,0
-15.961320496782335,0
-1.146383211911215,0
-4.135661011946994,0
-3.323954626080721,0
-2.868159442506639,0
-7.167823569492229,0
0.31590176124193103,1
-20.652674394375552,0
-32.82097060461054,0
-21.296384460939933,0
-6.877467405043334,0
-3.1043960766324554,0
-7.954887465464325,0
-3.726533394895868,0
-10.8156506443989,0
-41.70249418821875,0
-25.213472329960112,0
0.30745190376948894,1
-0.07599176148467368,0
-0.43586004488277386,0
-29.700914637134318,0
-13.053913212388196,0
-1.9150346857855576,0
-9.215728205009853,0
-35.741977398930956,0
-5.283810189451814,0
-32.439010627691076,0
-1.691072032444553,0
-5.003125333670668,0
1.6571608806774938,1
-7.161048963410921,0
-1.6304825540861012,0
-60.81862247520583,0
-3.8334723715011743,0
-3.7113478955357815,0
-6.835564422486258,0
-1.9928297122238101,0
-2.8645577148486874,0
-44.30626522622295,0
-25.35213676695237,0
-7.471460653141166,0
-10.07256122143697,0
-10.20690757368682,0
-3.6115696971897515,0
-47.20985076763425,0
-1.3889462679286035,0
-3.2358026633151704,0
-2.7850858217203305,0
-5.366890553275497,0
-50.11174203537628,0
-5.053284373315891,0
-3.084300287613204,0
-41.405651202374045,0
-9.695879729122296,0
-15.295878847311158,0
-0.05243308780298239,0
-6.959845519282298,0
-3.3694617285287487,0
-1.6418441536948913,0
-5.26430359601325,0
-8.079491384887277,0
-9.793364415097656,0
-9.370897311433126,0
-3.2471301188703174,0
-6.31976742379591,0
-3.3989632770895506,0
-5.300341829649896,0
-35.293979181100056,0
-17.446268877574383,0
-13.228641631001281,0
-30.79082494218126,0
-1.2307709568190868,0
-25.75904227770623,0
-8.150002067740914,0
-15.910453724798188,0
-5.447661745354325,0
-1.2688751089950339,0
-1.2939986204870175,0
-8.215025686520292,0
-18.569173199102423,0
-12.509839826939768,0
-15.622991714982689,0
-37.26123476966275,0
-21.099604053924466,0
-24.691678376002145,0
-5.319839632029088,0
-74.19633438293347,0
-20.95682417409951,0
-17.817475990515575,0
-8.868068468356412,0
-3.871371021050053,0
-1.3293610176038593,0
-3.101026541371156,0
-0.8432207570800339,0
-78.18404834910287,0
-31.224057711958793,0
-2.9272164972567944,0
-14.30861965326001,0
-1.683797939156265,0
-4.985195425695182,0
-62.63512697019139,0
-32.7256279059289,0
-22.68384439853942,0
-56.4890294993598,0
-6.512728097855487,0
-19.37534601498153,0
-7.564658284208762,0
-9.294964707870875,0
-2.4084854872413226,0
-4.82691992952421,0
-22.401095526387124,0
-34.73517508572657,0
-0.6956795848523862,0
-38.55732683669301,0
-2.7337251254717367,0
-1.1314746079511488,0
-5.51846095294566,0
-39.34062334802691,0
-18.263192586986023,0
-54.46407091909312,0
0.01892512868691565,1
-8.385976845449093,0
-1.8203226692345007,0
-5.474531445106167,0
-5.399703114402272,0
-28.312115031883494,0
-21.38861484148181,0
9.034688748907158,1
-38.1138114221463,0
-2.2379143411886426,0
-0.24481906052058466,0
-2.0976784993395805,0
-10.785123636167171,0
-7.910623356765044,0
2.5150265034830417,1
-42.97337631637454,0
-1.9503825434581623,0
-5.278894053939056,0
-11.159200627654698,0
-31.89944726008214,0
-3.869588663677477,0
1.3246914069099338,1
-1.3260735316140009,0
-2.0670134514872,0
-11.536188193429169,0
1.2366440913905725,1
-9.876158947073762,0
-2.2801960499851512,0
-2.6624875806588344,0
-15.117492143595499,0
0.5277597706448622,1
1.6134509164552773,1
-7.472139469558514,0
-8.95944822903364,0
-7.407308577130224,0
-10.559490049992363,0
-1.5230328304529204,0
-34.988789454458654,0
-18.445814098587633,0
-41.95703692077184,0
-7.713871829887993,0
-5.753411775258045,0
-43.09818162851259,0
-38.83127067011772,0
-6.851596626067093,0
-21.240554052964924,0
-2.8478417899164734,0
-3.1493173338017906,0
-7.22824092122717,0
-3.804054836749473,0
3.7840869185605888,1
-9.215159075399768,0
-8.391525075544976,0
-20.2340425166836,0
-0.06419272618184468,0
-12.577048737620842,0
-5.708106952769939,0
-8.615343925200776,0
-3.9623442774241804,0
-13.950759453836852,0
-3.281713017516794,0
-14.60311629769383,0
-3.3420803600962055,0
-21.95354245490269,0
-9.669218108588737,0
-6.5265331301557845,0
-7.289836768300646,0
-18.588793962880644,0
-4.189893139111136,0
-3.504842906717003,0
7.0787930687587695,1
-32.410405338632316,0
-13.823959678592999,0
0.27248286146679757,1
-9.54089330265522,0
-8.349713953335211,0
-2.808355007429399,0
-5.199128263535003,0
-6.582499771298516,0
-5.761799052611949,0
-2.5939211639993838,0
-4.105253513429106,0
-12.336663683563145,0
-9.602851763549168,0
-8.33725401730733,0
-6.00898121976168,0
-5.471016398317787,0
-2.3261373128694496,0
-2.63034666189158,0
-24.36170575093236,0
-26.52575156238852,0
1.4622827016286655,1
-6.235351771064942,0
-3.563322321213108,0
-13.724724609120656,0
-6.179155075434736,0
-29.409318063298613,0
-37.744514196070284,0
-3.3578250901988023,0
-5.702191271025712,0
-1.615854288065365,0
-1.5355321259845178,0
-7.530419676222281,0
-4.4215178499212735,0
-14.887295602798602,0
-1.502206640019339,0
-0.13637053770760676,0
-14.196869890474389,0
-2.682036977581064,0
1.3583603854644215,1
2.9100528577768463,1
-4.954607616127377,0
-2.849137538337872,0
-0.6090379673183444,0
-36.48993194732573,0
-19.47375339922253,0
-3.6809118009037585,0
-20.623192262988212,0
-32.50767750415942,0
-63.14892170078345,0
-4.337557015103429,0
-11.508951753384807,0
-1.0254872430883362,0
-4.2174885714699295,0
-23.461941322871624,0
-14.726065954549611,0
-5.955302063280741,0
-0.7391788524324321,0
-8.642394393922203,0
-30.347504758632184,0
-28.549913831294887,0
-6.154465509381752,0
-14.853391648364394,0
-23.83520745964013,0
-4.206936642374402,0
-3.275670796115791,0
-26.68959297036743,0
-70.42058597220564,0
-3.7902140881993356,0
-30.44739460235685,0
-4.558972840953701,0
-0.6334577009034357,0
-2.1851812646633144,0
-14.159380738717644,0
-11.205633679411747,0
-12.483375927207433,0
-11.079125124909822,0
-4.485366705579126,0
-47.45991133491732,0
-2.7953254523523166,0
-9.315740829486074,0
0.8298282642212333,1
0.04675061634081512,1
-0.7413260798999355,0
-1.5762315614043283,0
-14.498195422761981,0
-7.701246987627727,0
-4.251426975322446,0
-25.09799688490564,0
-13.278845453932789,0
-53.103570671351534,0
-1.7251003994529848,0
-14.73204421863882,0
-39.60730654455945,0
-5.639801693214012,0
-19.374690108066332,0
11.71172678877376,1
-18.36754444393553,0
-11.287230473047728,0
-68.69331435563033,0
-18.29997768853316,0
-7.791447988267081,0
-15.781025437354018,0
-3.2117117559169666,0
-0.1856983913526884,0
0.18309741326122175,1
-7.6184894462417825,0
-5.1837635584448245,0
-34.066876677104645,0
-13.184516446002434,0
-5.729965507758224,0
-0.3533189680379829,0
-4.493987300032658,0
-2.4495684749704916,0
-23.141738016630896,0
-6.311954184704136,0
-29.306002673990932,0
0.6129568175751237,1
-19.235849017924536,0
-10.400571637677402,0
-0.40611849718659787,0
-20.015328991553886,0
-35.10341620160723,0
-7.368646844835511,0
-5.089869508803148,0
-7.072077850236,0
-0.25894597679833087,0
-8.740647247999348,0
-3.2711897471813964,0
0.48876560515093015,1
0.10223232362515855,1
-1.3314960797357154,0
-6.594811223352353,0
-62.8125250430963,0
-20.674746531330655,0
-6.022126277158876,0
-0.04288022027283578,0
-11.857012491156254,0
-1.4197433339500813,0
-10.928626651707944,0
-0.8560851263969917,0
0.30495452508368626,1
-13.727335797949834,0
-4.300271902516742,0
-2.2052635098730926,0
-10.470588768635551,0
-7.172796121063201,0
-3.093041828258337,0
-5.163430102103647,0
-12.40486471472066,0
-3.733776042623121,0
-7.6205546093911645,0
-29.130226978748013,0
-12.253924761963916,0
-2.3662784610565533,0
-3.806073081024423,0
0.39390079212937135,1
-18.42186879728213,0
-20.37839976049834,0
-9.21741966396037,0
-7.431935864376627,0
0.20815315568363157,1
-0.15516227901351076,0
-24.230986687885505,0
-22.508194833302312,0
-6.892757070854331,0
-10.090545774240653,0
-0.06468412368083509,0
-5.964018250327698,0
-9.330479253192223,0
-10.13594507656633,0
-12.163664376282739,0
-7.683941293310981,0
-27.657707971469407,0
-24.310930650106073,0
-11.140161672090088,0
-4.774672799073941,0
-15.748552810669551,0
-11.241448982945784,0
-22.439918086783635,0
-11.585188768170681,0
-7.324661156140409,0
-3.9038221710139434,0
-26.73928837502133,0
-9.169153601505585,0
-3.299366898783391,0
-8.170584313272755,0
-0.7151459679949577,0
-22.96436755252178,0
-9.842721751170373,0
-15.286187405239232,0
-11.617369678314915,0
2.027604423878457,1
-22.161088459695364,0
-12.072293590761163,0
-3.6913393211649046,0
-24.69956636464447,0
0.9037878689418184,1
-2.482512975278568,0
-7.708675026827749,0
-4.49955292157354,0
1.1578927453523837,1
-3.4552914233423317,0
-8.46665230318429,0
-21.762385098794383,0
-33.581538060628716,0
-19.39115982768233,0
-7.557738060051251,0
-34.54798738763891,0
-22.924297615048616,0
-0.4530772250069086,0
-0.6824729836876751,0
-6.287705453934522,0
-11.317954993609945,0
-9.72272366549403,0
-18.982312915155106,0
-34.72595140449228,0
-19.015261359519698,0
-11.393187052344345,0
-25.420178602805734,0
-19.614162412595377,0
-3.1754274546616026,0
-7.269451105275565,0
-12.198520568351867,0
-10.611727778748516,0
-3.280982427291364,0
-5.082467317980972,0
-37.48302329175165,0
0.7147960765436627,1
-2.223863915721794,0
-1.5818878682253663,0
6.051214403276773,1
-22.186276784260897,0
-0.137716835458904,0
-40.74425565329837,0